SpectrumID	Compound_Name	Ion_Source	Instrument	Compound_Source	PI	Data_Collector	Adduct	Precursor_MZ	ExactMass	Charge	CAS_Number	Pubmed_ID	Smiles	INCHI	INCHI_AUX	Library_Class	IonMode	UpdateWorkflowName	LibraryQualityString	#Scan#	SpectrumFile	LibraryName	MQScore	Organism	TIC_Query	RT_Query	MZErrorPPM	SharedPeaks	MassDiff	LibMZ	SpecMZ	SpecCharge	FileScanUniqueID	NumberHits	tags	MoleculeExplorerDatasets	MoleculeExplorerFiles	InChIKey	InChIKey-Planar	superclass	class	subclass	npclassifier_superclass	npclassifier_class	npclassifier_pathway
CCMSLIB00006678863	TRANS-CAFFEIC ACID	ESI	Orbitrap	isolated	MoNA	MoNA:MoNA037703	M+H	181.05	0.0	1	N/A	N/A	C1=C(/C=C\C(=O)O)C=C(C(=C1)O)O	"""InChI=1S/C9H8O4/c10-7-3-1-6(5-8(7)11)2-4-9(12)13/h1-5,10-11H,(H,12,13)/b4-2-"""	N/A	3	positive	UPDATE-SINGLE-ANNOTATED-BRONZE	Bronze	167	spectra_filtered/specs_ms.mgf	lib-00003.mgf	0.98044	MONA	46750000.0	121.906	1.0956299999999999	8	0.00019836400000000003	181.05	181.05	1	spectra_filtered/specs_ms.mgf167	1		0	0	QAIPRVGONGVQAS-RQOWECAXSA-N	QAIPRVGONGVQAS	N/A	N/A	N/A	Phenylpropanoids (C6-C3)	Cinnamic acids and derivatives	Shikimates and Phenylpropanoids
CCMSLIB00006679518	TRYPTOPHAN	ESI	Orbitrap	isolated	MoNA	MoNA:MoNA037105	M+H	205.097	0.0	1	N/A	N/A	C1=CC2=C(C=C1)NC=C2C[C@@H](C(=O)O)N	"""InChI=1S/C11H12N2O2/c12-9(11(14)15)5-7-6-13-10-4-2-1-3-8(7)10/h1-4,6,9,13H,5,12H2,(H,14,15)/t9-/m0/s1"""	N/A	3	positive	UPDATE-SINGLE-ANNOTATED-BRONZE	Bronze	166	spectra_filtered/specs_ms.mgf	lib-00003.mgf	0.9794280000000001	MONA	3421700.0	121.64200000000001	1.48796	15	0.000305176	205.097	205.097	1	spectra_filtered/specs_ms.mgf166	1		0	0	QIVBCDIJIAJPQS-VIFPVBQESA-N	QIVBCDIJIAJPQS	N/A	N/A	N/A	Small peptides	Aminoacids	Amino acids and Peptides|Shikimates and Phenylpropanoids
CCMSLIB00006679138	PANTOTHENIC ACID	ESI	Orbitrap	isolated	MoNA	MoNA:MoNA037200	M+H	220.118	0.0	1	N/A	N/A	CC(C)(CO)[C@H](/C(=N/CCC(=O)O)/O)O	"""InChI=1S/C9H17NO5/c1-9(2,5-11)7(14)8(15)10-4-3-6(12)13/h7,11,14H,3-5H2,1-2H3,(H,10,15)(H,12,13)/t7-/m0/s1"""	N/A	3	positive	UPDATE-SINGLE-ANNOTATED-BRONZE	Bronze	135	spectra_filtered/specs_ms.mgf	lib-00003.mgf	0.9782959999999999	MONA	1308300.0	104.976	1.38642	28	0.000305176	220.118	220.118	1	spectra_filtered/specs_ms.mgf135	1		0	0	GHOKWGTUZJEAQD-ZETCQYMHSA-N	GHOKWGTUZJEAQD	N/A	N/A	N/A	Fatty Acids and Conjugates	Branched fatty acids	Fatty acids
CCMSLIB00003137060	Spectral Match to L-Tryptophan from NIST14	ESI	HCD	Isolated	Data from Pieter C Dorrestein	Data deposited by negarg	M+H-NH3	188.07	0.0	1	73223	N/A	N/A	N/A	N/A	3	Positive	UPDATE-SINGLE-ANNOTATED-BRONZE	Bronze	175	spectra_filtered/specs_ms.mgf	lib-00018.mgf	0.976283	GNPS-NIST14-MATCHES	1429600.0	122.579	3.65101	13	0.0006866460000000001	188.07	188.071	1	spectra_filtered/specs_ms.mgf175	1		216	30170	N/A	N/A	N/A	N/A	N/A	N/A	N/A	N/A
CCMSLIB00006717990	Trigonelline	LC-ESI	Orbitrap	Other	Georg Pohnert	Muhaiminatul Azizah	M+H	138.055	138.055	0	535-83-1	 5570	 C[N+]1=CC=CC(=C1)C(=O)[O-]	 1S/C7H7NO2/c1-8-4-2-3-6(5-8)7(9)10/h2-5H,1H3	 	3	Positive	UPDATE-SINGLE-ANNOTATED-BRONZE	Bronze	73	spectra_filtered/specs_ms.mgf	lib-00045.mgf	0.9752940000000001	GNPS-LIBRARY	70486000.0	49.617	58.0266	17	0.00801086	138.055	138.063	1	spectra_filtered/specs_ms.mgf73	1		0	0	WWNNZCOKKKDOPX-UHFFFAOYSA-N	WWNNZCOKKKDOPX	N/A	N/A	N/A	N/A	N/A	N/A
CCMSLIB00006717990	Trigonelline	LC-ESI	Orbitrap	Other	Georg Pohnert	Muhaiminatul Azizah	M+H	138.055	138.055	0	535-83-1	 5570	 C[N+]1=CC=CC(=C1)C(=O)[O-]	 1S/C7H7NO2/c1-8-4-2-3-6(5-8)7(9)10/h2-5H,1H3	 	3	Positive	UPDATE-SINGLE-ANNOTATED-BRONZE	Bronze	60	spectra_filtered/specs_ms.mgf	lib-00045.mgf	0.9751690000000001	GNPS-LIBRARY	96031000.0	41.223	0.773688	16	0.000106812	138.055	138.055	1	spectra_filtered/specs_ms.mgf60	1		0	0	WWNNZCOKKKDOPX-UHFFFAOYSA-N	WWNNZCOKKKDOPX	N/A	N/A	N/A	N/A	N/A	N/A
CCMSLIB00010110370	Caffeicacid CollisionEnergy:102040	LC-ESI	Orbitrap	Commercial	Trent Northen	JGI	M+H-H2O	163.039	0.0	1	N/A	N/A	O=C(O)C=Cc1ccc(O)c(O)c1	"""InChI=1S/C9H8O4/c10-7-3-1-6(5-8(7)11)2-4-9(12)13/h1-5,10-11H,(H,12,13)/b4-2-"""	N/A	3	Positive	UPDATE-SINGLE-ANNOTATED-BRONZE	Bronze	208	spectra_filtered/specs_ms.mgf	lib-00011.mgf	0.973165	BERKELEY-LAB	12537800.0	139.80700000000002	0.655129	7	0.000106812	163.039	163.039	1	spectra_filtered/specs_ms.mgf208	1		0	0	QAIPRVGONGVQAS-UHFFFAOYSA-N	QAIPRVGONGVQAS	N/A	N/A	N/A	Phenylpropanoids (C6-C3)	Cinnamic acids and derivatives	Shikimates and Phenylpropanoids
CCMSLIB00006678927	FERULIC ACID	ESI	Orbitrap	isolated	MoNA	MoNA:MoNA037429	M+H	195.065	0.0	1	N/A	N/A	COC1=CC(=CC=C1O)/C=C/C(=O)O	"""InChI=1S/C10H10O4/c1-14-9-6-7(2-4-8(9)11)3-5-10(12)13/h2-6,11H,1H3,(H,12,13)/b5-3+"""	N/A	3	positive	UPDATE-SINGLE-ANNOTATED-BRONZE	Bronze	247	spectra_filtered/specs_ms.mgf	lib-00003.mgf	0.9728950000000001	MONA	1842600.0	152.539	0.0	9	0.0	195.065	195.065	1	spectra_filtered/specs_ms.mgf247	1		0	0	KSEBMYQBYZTDHS-HWKANZROSA-N	KSEBMYQBYZTDHS	N/A	N/A	N/A	Phenylpropanoids (C6-C3)	Cinnamic acids and derivatives	Shikimates and Phenylpropanoids
CCMSLIB00003139936	Spectral Match to Dopamine from NIST14	ESI	QQQ	Isolated	Data from Pieter Dorrestein	Data deposited by amelnik	M+H	154.09	153.079	1	51616	N/A	C1=CC(=C(C=C1CCN)O)O	InChI=1S/C8H11NO2/c9-4-3-6-1-2-7(10)8(11)5-6/h1-2,5,10-11H,3-4,9H2	N/A	3	Positive	UPDATE-SINGLE-ANNOTATED-BRONZE	Bronze	71	spectra_filtered/specs_ms.mgf	lib-00018.mgf	0.971759	GNPS-NIST14-MATCHES	518465000.0	48.946000000000005	23.3699	6	0.00360107	154.09	154.086	1	spectra_filtered/specs_ms.mgf71	1		0	0	VYFYYTLLBUKUHU-UHFFFAOYSA-N	VYFYYTLLBUKUHU	N/A	N/A	N/A	Tyrosine alkaloids	Phenylethylamines	Alkaloids
CCMSLIB00010011977	Isovitexine	LC-ESI	qTof	Commercial	Stephane GREFF	Stephane GREFF	M+H	433.112	432.106	1	38953-85-4	162350	C1=CC(=CC=C1C2=CC(=O)C3=C(O2)C=C(C(=C3O)[C@H]4[C@@H]([C@H]([C@@H]([C@H](O4)CO)O)O)O)O)O	1S/C21H20O10/c22-7-14-17(26)19(28)20(29)21(31-14)16-11(25)6-13-15(18(16)27)10(24)5-12(30-13)8-1-3-9(23)4-2-8/h1-6,14,17,19-23,25-29H,7H2/t14-,17-,19+,20-,21+/m1/s1	MYXNWGACZJSMBT-VJXVFPJBSA-N	3	Positive	UPDATE-SINGLE-ANNOTATED-BRONZE	Bronze	359	spectra_filtered/specs_ms.mgf	lib-00045.mgf	0.9692780000000001	GNPS-LIBRARY	15310500.0	183.419	2.11384	57	0.000915527	433.112	433.11300000000006	1	spectra_filtered/specs_ms.mgf359	1		0	0	MYXNWGACZJSMBT-VJXVFPJBSA-N	MYXNWGACZJSMBT	N/A	N/A	N/A	Flavonoids	Flavones	Shikimates and Phenylpropanoids
CCMSLIB00010110370	Caffeicacid CollisionEnergy:102040	LC-ESI	Orbitrap	Commercial	Trent Northen	JGI	M+H-H2O	163.039	0.0	1	N/A	N/A	O=C(O)C=Cc1ccc(O)c(O)c1	"""InChI=1S/C9H8O4/c10-7-3-1-6(5-8(7)11)2-4-9(12)13/h1-5,10-11H,(H,12,13)/b4-2-"""	N/A	3	Positive	UPDATE-SINGLE-ANNOTATED-BRONZE	Bronze	174	spectra_filtered/specs_ms.mgf	lib-00011.mgf	0.9691420000000001	BERKELEY-LAB	31858400.0	122.882	0.561539	8	9.15527e-05	163.039	163.039	1	spectra_filtered/specs_ms.mgf174	1		0	0	QAIPRVGONGVQAS-UHFFFAOYSA-N	QAIPRVGONGVQAS	N/A	N/A	N/A	Phenylpropanoids (C6-C3)	Cinnamic acids and derivatives	Shikimates and Phenylpropanoids
CCMSLIB00010108592	DL-PHENYLALANINE CollisionEnergy:102040	LC-ESI	Orbitrap	Commercial	Trent Northen	JGI	M+H	166.086	0.0	1	N/A	N/A	NC(Cc1ccccc1)C(=O)O	"""InChI=1S/C9H11NO2/c10-8(9(11)12)6-7-4-2-1-3-5-7/h1-5,8H,6,10H2,(H,11,12)"""	N/A	3	Positive	UPDATE-SINGLE-ANNOTATED-BRONZE	Bronze	115	spectra_filtered/specs_ms.mgf	lib-00011.mgf	0.967937	BERKELEY-LAB	9413900.0	94.911	2.38869	14	0.000396729	166.086	166.08599999999998	1	spectra_filtered/specs_ms.mgf115	1		0	0	COLNVLDHVKWLRT-UHFFFAOYSA-N	COLNVLDHVKWLRT	N/A	N/A	N/A	Small peptides	Aminoacids	Amino acids and Peptides|Shikimates and Phenylpropanoids
CCMSLIB00003137706	Spectral Match to Adenosine from NIST14	ESI	QqQ	Isolated	Data from Pieter Dorrestein	Data deposited by lfnothias	M+H	268.104	0.0	1	58617	N/A	N/A	N/A	N/A	3	Positive	UPDATE-SINGLE-ANNOTATED-BRONZE	Bronze	101	spectra_filtered/specs_ms.mgf	lib-00018.mgf	0.967515	GNPS-NIST14-MATCHES	10534500.0	64.679	0.682964	12	0.000183105	268.104	268.10400000000004	1	spectra_filtered/specs_ms.mgf101	1		23	1092	N/A	N/A	N/A	N/A	N/A	N/A	N/A	N/A
CCMSLIB00010107126	quercetin CollisionEnergy:102040	LC-ESI	Orbitrap	Commercial	Trent Northen	JGI	M+H	303.05	0.0	1	N/A	N/A	O=c1c(O)c(-c2ccc(O)c(O)c2)oc2cc(O)cc(O)c12	"""InChI=1S/C15H10O7/c16-7-4-10(19)12-11(5-7)22-15(14(21)13(12)20)6-1-2-8(17)9(18)3-6/h1-5,16-19,21H"""	N/A	3	Positive	UPDATE-SINGLE-ANNOTATED-BRONZE	Bronze	363	spectra_filtered/specs_ms.mgf	lib-00011.mgf	0.965261	BERKELEY-LAB	20351000.0	183.542	1.30912	35	0.000396729	303.05	303.05	1	spectra_filtered/specs_ms.mgf363	1		0	0	REFJWTPEDVJJIY-UHFFFAOYSA-N	REFJWTPEDVJJIY	N/A	N/A	N/A	Flavonoids	Flavonols	Shikimates and Phenylpropanoids
CCMSLIB00003139675	Spectral Match to Sucrose from NIST14	ESI	Q-TOF	Isolated	Data from Julia Gauglitz	Data deposited by fevargas	M+H-H2O	325.112	0.0	1	57501	N/A	N/A	N/A	N/A	3	Positive	UPDATE-SINGLE-ANNOTATED-BRONZE	Bronze	58	spectra_filtered/specs_ms.mgf	lib-00018.mgf	0.9580069999999999	GNPS-NIST14-MATCHES	4946100.0	40.683	3.09764	19	0.00100708	325.112	325.113	1	spectra_filtered/specs_ms.mgf58	1		20	826	N/A	N/A	N/A	N/A	N/A	N/A	N/A	N/A
CCMSLIB00006679142	ALPHA-GLUCOSE 1-PHOSPHATE	ESI	Orbitrap	isolated	MoNA	MoNA:MoNA037293	M+H	261.037	0.0	1	N/A	N/A	C([C@@H]1[C@H]([C@@H]([C@H]([C@H](O1)OP(=O)(O)O)O)O)O)O	"""InChI=1S/C6H13O9P/c7-1-2-3(8)4(9)5(10)6(14-2)15-16(11,12)13/h2-10H,1H2,(H2,11,12,13)/t2-,3-,4+,5-,6-/m1/s1"""	N/A	3	positive	UPDATE-SINGLE-ANNOTATED-BRONZE	Bronze	55	spectra_filtered/specs_ms.mgf	lib-00003.mgf	0.9541059999999999	MONA	2537000.0	40.314	0.46763599999999994	15	0.00012207	261.037	261.03700000000003	1	spectra_filtered/specs_ms.mgf55	1		0	0	HXXFSFRBOHSIMQ-VFUOTHLCSA-N	HXXFSFRBOHSIMQ	N/A	N/A	N/A	Saccharides	Monosaccharides	Carbohydrates
CCMSLIB00003135883	Spectral Match to 1-Amino-2-ethoxybenzene from NIST14	ESI	HCD	Isolated	Data from Rob Knight 	Data deposited by amelnik	M+H-NH3	121.065	0.0	1	94702	N/A	N/A	N/A	N/A	3	Positive	UPDATE-SINGLE-ANNOTATED-BRONZE	Bronze	99	spectra_filtered/specs_ms.mgf	lib-00018.mgf	0.953363	GNPS-NIST14-MATCHES	32832600.0	61.997	0.819247	10	9.91821e-05	121.065	121.065	1	spectra_filtered/specs_ms.mgf99	1		1	0	N/A	N/A	N/A	N/A	N/A	N/A	N/A	N/A
CCMSLIB00004684185	Chlorogenic acid	LC-ESI	Orbitrap	Isolated	Gleixner	Carsten Simon	M+H	355.102	354.095	1	327-97-9	1794427	C1C(C(C(CC1(C(=O)O)O)OC(=O)C=CC2=CC(=C(C=C2)O)O)O)O	InChI=1S/C16H18O9/c17-9-3-1-8(5-10(9)18)2-4-13(20)25-12-7-16(24,15(22)23)6-11(19)14(12)21/h1-5,11-12,14,17-19,21,24H,6-7H2,(H,22,23)/b4-2+/t11-,12-,14-,16+/m1/s1	 	3	Positive	UPDATE-SINGLE-ANNOTATED-BRONZE	Bronze	212	spectra_filtered/specs_ms.mgf	lib-00045.mgf	0.951991	GNPS-LIBRARY	5790900.0	140.708	1.71881	8	0.000610352	355.102	355.103	1	spectra_filtered/specs_ms.mgf212	1		10	257	CWVRJTMFETXNAD-UHFFFAOYSA-N	CWVRJTMFETXNAD	N/A	N/A	N/A	Phenylpropanoids (C6-C3)	Cinnamic acids and derivatives	Shikimates and Phenylpropanoids
CCMSLIB00003139733	Spectral Match to Palatinose from NIST14	ESI	QqQ	Isolated	Data from Julia Gauglitz	Data deposited by fevargas	M+NH4	360.15	0.0	1	13718940	N/A	N/A	N/A	N/A	3	Positive	UPDATE-SINGLE-ANNOTATED-BRONZE	Bronze	56	spectra_filtered/specs_ms.mgf	lib-00018.mgf	0.951216	GNPS-NIST14-MATCHES	32930900.0	40.559	0.59315	27	0.000213623	360.15	360.15	1	spectra_filtered/specs_ms.mgf56	1		21	643	N/A	N/A	N/A	N/A	N/A	N/A	N/A	N/A
CCMSLIB00010124460	"""1-({[2-(2-furylmethyl)-5-methylpyrrolidinyl]amino}methylene)-7-[8-({[2-(2-fury lmethyl)pyrrolidinyl]amino}methylene)-1,6-dihydroxy-3-methyl-5-(methylethyl)-7 -oxo(2-naphthyl)]-3,8-dihydroxy-6-methyl-4-(methylethyl)naphthalen-2-one CollisionEnergy:205060"""	LC-ESI	Orbitrap	Commercial	Trent Northen	JGI	M+2H]	415.212	0.0	1	N/A	N/A	Cc1cc2c(c(O)c1-c1c(C)cc3c(c1O)C(=CNN1C(C)CCC1Cc1ccco1)C(=O)C(O)=C3C(C)C)C(=CNN1CCCC1Cc1ccco1)C(=O)C(O)=C2C(C)C	"""InChI=1S/C49H56N4O8/c1-25(2)38-34-19-27(5)40(46(56)42(34)36(44(54)48(38)58)23-50-52-16-8-11-30(52)21-32-12-9-17-60-32)41-28(6)20-35-39(26(3)4)49(59)45(55)37(43(35)47(41)57)24-51-53-29(7)14-15-31(53)22-33-13-10-18-61-33/h9-10,12-13,17-20,23-26,29-31,50-51,56-59H,8,11,14-16,21-22H2,1-7H3/b36-23-,37-24-"""	N/A	3	Positive	UPDATE-SINGLE-ANNOTATED-BRONZE	Bronze	621	spectra_filtered/specs_ms.mgf	lib-00011.mgf	0.9488340000000001	BERKELEY-LAB	6575200.0	391.50300000000004	0.734988	16	0.000305176	415.212	415.212	1	spectra_filtered/specs_ms.mgf621	1		0	0	OZMHKRBQDGOIDU-UHFFFAOYSA-N	OZMHKRBQDGOIDU	N/A	N/A	N/A			
CCMSLIB00010112331	Isoorientin CollisionEnergy:102040	LC-ESI	Orbitrap	Commercial	Trent Northen	JGI	M+H	449.108	0.0	1	N/A	N/A	O=c1cc(-c2ccc(O)c(O)c2)oc2cc(O)c(C3OC(CO)C(O)C(O)C3O)c(O)c12	"""InChI=1S/C21H20O11/c22-6-14-17(27)19(29)20(30)21(32-14)16-11(26)5-13-15(18(16)28)10(25)4-12(31-13)7-1-2-8(23)9(24)3-7/h1-5,14,17,19-24,26-30H,6H2/t14-,17-,19+,20-,21+/m1/s1"""	N/A	3	Positive	UPDATE-SINGLE-ANNOTATED-BRONZE	Bronze	308	spectra_filtered/specs_ms.mgf	lib-00011.mgf	0.9451510000000001	BERKELEY-LAB	46018100.0	166.657	0.8833700000000001	38	0.000396729	449.108	449.108	1	spectra_filtered/specs_ms.mgf308	1		0	0	ODBRNZZJSYPIDI-UHFFFAOYSA-N	ODBRNZZJSYPIDI	N/A	N/A	N/A	Flavonoids	Flavones	Shikimates and Phenylpropanoids
CCMSLIB00010103061	glutathione CollisionEnergy:102040	LC-ESI	Orbitrap	Commercial	Trent Northen	JGI	M+H	308.091	0.0	1	N/A	N/A	N[C@@H](CCC(O)=N[C@@H](CS)C(O)=NCC(=O)O)C(=O)O	"""InChI=1S/C10H17N3O6S/c11-5(10(18)19)1-2-7(14)13-6(4-20)9(17)12-3-8(15)16/h5-6,20H,1-4,11H2,(H,12,17)(H,13,14)(H,15,16)(H,18,19)/t5-,6-/m0/s1"""	N/A	3	Positive	UPDATE-SINGLE-ANNOTATED-BRONZE	Bronze	69	spectra_filtered/specs_ms.mgf	lib-00011.mgf	0.9426690000000001	BERKELEY-LAB	2107000.0	48.961999999999996	0.9905379999999999	19	0.000305176	308.091	308.091	1	spectra_filtered/specs_ms.mgf69	1		0	0	RWSXRVCMGQZWBV-WDSKDSINSA-N	RWSXRVCMGQZWBV	N/A	N/A	N/A	Small peptides	Aminoacids	Amino acids and Peptides
CCMSLIB00006679936	5'-METHYLTHIOADENOSINE	ESI	Orbitrap	isolated	MoNA	MoNA:MoNA037292	M+H	298.097	0.0	1	N/A	N/A	CSC[C@@H]1[C@H]([C@H]([C@H](N2C=NC3=C2N=CN=C3N)O1)O)O	"""InChI=1S/C11H15N5O3S/c1-20-2-5-7(17)8(18)11(19-5)16-4-15-6-9(12)13-3-14-10(6)16/h3-5,7-8,11,17-18H,2H2,1H3,(H2,12,13,14)/t5-,7-,8-,11-/m1/s1"""	N/A	3	positive	UPDATE-SINGLE-ANNOTATED-BRONZE	Bronze	163	spectra_filtered/specs_ms.mgf	lib-00003.mgf	0.9408799999999999	MONA	1335300.0	119.539	0.6142479999999999	7	0.000183105	298.097	298.097	1	spectra_filtered/specs_ms.mgf163	1		35	2442	WUUGFSXJNOTRMR-IOSLPCCCSA-N	WUUGFSXJNOTRMR	N/A	N/A	N/A	Nucleosides	Purine nucleos(t)ides	Carbohydrates
CCMSLIB00010012020	Hyperoside	LC-ESI	qTof	Commercial	Stephane GREFF	Stephane GREFF	M+H	465.103	464.095	1	482-36-0	5281643	C1=CC(=C(C=C1C2=C(C(=O)C3=C(C=C(C=C3O2)O)O)O[C@H]4[C@@H]([C@H]([C@H]([C@H](O4)CO)O)O)O)O)O	1S/C21H20O12/c22-6-13-15(27)17(29)18(30)21(32-13)33-20-16(28)14-11(26)4-8(23)5-12(14)31-19(20)7-1-2-9(24)10(25)3-7/h1-5,13,15,17-18,21-27,29-30H,6H2/t13-,15+,17+,18-,21+/m1/s1	OVSQVDMCBVZWGM-DTGCRPNFSA-N	3	Positive	UPDATE-SINGLE-ANNOTATED-BRONZE	Bronze	377	spectra_filtered/specs_ms.mgf	lib-00045.mgf	0.940672	GNPS-LIBRARY	27289200.0	186.649	0.19684400000000002	25	9.15527e-05	465.103	465.103	1	spectra_filtered/specs_ms.mgf377	1		5	137	OVSQVDMCBVZWGM-DTGCRPNFSA-N	OVSQVDMCBVZWGM	N/A	N/A	N/A	Flavonoids	Flavonols	Shikimates and Phenylpropanoids
CCMSLIB00005463659	SALSOLINOL	ESI	Orbitrap	Commercial	Dorrestein	Fernando Vargas	M+H	180.102	179.095	1	59709-57-8	na	CC1C2=CC(=C(C=C2CCN1)O)O	"""InChI=1S/C10H13NO2/c1-6-8-5-10(13)9(12)4-7(8)2-3-11-6/h4-6,11-13H,2-3H2,1H3"""	N/A	1	Positive	UPDATE-SINGLE-ANNOTATED-GOLD	Gold	85	spectra_filtered/specs_ms.mgf	lib-00032.mgf	0.9403729999999999	GNPS-MSMLS	7626800.0	54.516999999999996	1.60974	15	0.000289917	180.102	180.102	1	spectra_filtered/specs_ms.mgf85	1		0	0	IBRKLUSXDYATLG-UHFFFAOYSA-N	IBRKLUSXDYATLG	N/A	N/A	N/A	Tyrosine alkaloids	Isoquinoline alkaloids|Tetrahydroisoquinoline alkaloids	Alkaloids
CCMSLIB00010012048	Rutin	LC-ESI	qTof	Commercial	Stephane GREFF	Stephane GREFF	M+H	611.161	610.153	1	153-18-4	5280805	C[C@H]1[C@@H]([C@H]([C@H]([C@@H](O1)OC[C@@H]2[C@H]([C@@H]([C@H]([C@@H](O2)OC3=C(OC4=CC(=CC(=C4C3=O)O)O)C5=CC(=C(C=C5)O)O)O)O)O)O)O)O	1S/C27H30O16/c1-8-17(32)20(35)22(37)26(40-8)39-7-15-18(33)21(36)23(38)27(42-15)43-25-19(34)16-13(31)5-10(28)6-14(16)41-24(25)9-2-3-11(29)12(30)4-9/h2-6,8,15,17-18,20-23,26-33,35-38H,7H2,1H3/t8-,15+,17-,18+,20+,21-,22+,23+,26+,27-/m0/s1	IKGXIBQEEMLURG-NVPNHPEKSA-N	3	Positive	UPDATE-SINGLE-ANNOTATED-BRONZE	Bronze	350	spectra_filtered/specs_ms.mgf	lib-00045.mgf	0.9393020000000001	GNPS-LIBRARY	10940200.0	180.632	0.599205	29	0.00036621099999999997	611.161	611.161	1	spectra_filtered/specs_ms.mgf350	1		4	53	IKGXIBQEEMLURG-NVPNHPEKSA-N	IKGXIBQEEMLURG	N/A	N/A	N/A	Flavonoids	Flavonols	Shikimates and Phenylpropanoids
CCMSLIB00010111580	ferulic acid CollisionEnergy:102040	LC-ESI	Orbitrap	Commercial	Trent Northen	JGI	M+H-H2O	177.055	0.0	1	N/A	N/A	COc1cc(C=CC(=O)O)ccc1O	"""InChI=1S/C10H10O4/c1-14-9-6-7(2-4-8(9)11)3-5-10(12)13/h2-6,11H,1H3,(H,12,13)/b5-3+"""	N/A	3	Positive	UPDATE-SINGLE-ANNOTATED-BRONZE	Bronze	246	spectra_filtered/specs_ms.mgf	lib-00011.mgf	0.939135	BERKELEY-LAB	840800.0	152.539	0.5170859999999999	11	9.15527e-05	177.055	177.055	1	spectra_filtered/specs_ms.mgf246	1		0	0	KSEBMYQBYZTDHS-UHFFFAOYSA-N	KSEBMYQBYZTDHS	N/A	N/A	N/A	Phenylpropanoids (C6-C3)	Cinnamic acids and derivatives	Shikimates and Phenylpropanoids
CCMSLIB00003139580	Spectral Match to Val-Leu from NIST14	ESI	QQQ	Isolated	Data from Joshua Wollam	Data deposited by fevargas	M+H	231.17	230.163	1	3989977	N/A	CC(C)C[C@@H](C(=O)O)NC(=O)[C@H](C(C)C)N	InChI=1S/C11H22N2O3/c1-6(2)5-8(11(15)16)13-10(14)9(12)7(3)4/h6-9H,5,12H2,1-4H3,(H,13,14)(H,15,16)/t8-,9-/m0/s1	N/A	3	Positive	UPDATE-SINGLE-ANNOTATED-BRONZE	Bronze	196	spectra_filtered/specs_ms.mgf	lib-00018.mgf	0.938349	GNPS-NIST14-MATCHES	1298600.0	132.6	1.7161799999999998	7	0.000396729	231.17	231.17	1	spectra_filtered/specs_ms.mgf196	1		37	952	XCTHZFGSVQBHBW-IUCAKERBSA-N	XCTHZFGSVQBHBW	N/A	N/A	N/A	Small peptides	Dipeptides	Amino acids and Peptides
CCMSLIB00004706301	2-(3,4-dihydroxyphenyl)-3-[(2S,3R,4S,5S,6R)-4,5-dihydroxy-3-[(2R,3R,4R,5R,6S)-3,4,5-trihydroxy-6-methyloxan-2-yl]oxy-6-[[(2R,3R,4R,5R,6S)-3,4,5-trihydroxy-6-methyloxan-2-yl]oxymethyl]oxan-2-yl]oxy-5,7-dihydroxychromen-4-one	N/A	ESI-QFT	isolated	MoNA	MoNA:VF-NPL-QEHF015238	[M+H]+	757.219	0.0	1	N/A	N/A	N/A	InChI=1S/C33H40O20/c1-9-19(38)23(42)26(45)31(48-9)47-8-17-21(40)25(44)30(53-32-27(46)24(43)20(39)10(2)49-32)33(51-17)52-29-22(41)18-15(37)6-12(34)7-16(18)50-28(29)11-3-4-13(35)14(36)5-11/h3-7,9-10,17,19-21,23-27,30-40,42-46H,8H2,1-2H3/t9-,10-,17+,19-,20-,21+,23+,24+,25-,26+,27+,30+,31+,32-,33-/m0/s1	N/A	3	positive	UPDATE-SINGLE-ANNOTATED-BRONZE	Bronze	306	spectra_filtered/specs_ms.mgf	lib-00003.mgf	0.9380790000000001	MONA	12834400.0	165.63400000000001	0.886648	62	0.000671387	757.219	757.2180000000001	1	spectra_filtered/specs_ms.mgf306	1		0	0	HKNBJSRIYRDSLB-MAWNCODISA-N	HKNBJSRIYRDSLB	N/A	N/A	N/A	N/A	N/A	N/A
CCMSLIB00010125114	Rhoifolin CollisionEnergy:205060	LC-ESI	Orbitrap	Commercial	Trent Northen	JGI	M+H	579.171	0.0	1	N/A	N/A	CC1OC(OC2C(Oc3cc(O)c4c(=O)cc(-c5ccc(O)cc5)oc4c3)OC(CO)C(O)C2O)C(O)C(O)C1O	"""InChI=1S/C27H30O14/c1-10-20(32)22(34)24(36)26(37-10)41-25-23(35)21(33)18(9-28)40-27(25)38-13-6-14(30)19-15(31)8-16(39-17(19)7-13)11-2-4-12(29)5-3-11/h2-8,10,18,20-30,32-36H,9H2,1H3/t10-,18+,20-,21+,22+,23?,24+,25+,26-,27+/m0/s1"""	N/A	3	Positive	UPDATE-SINGLE-ANNOTATED-BRONZE	Bronze	440	spectra_filtered/specs_ms.mgf	lib-00011.mgf	0.9360729999999999	BERKELEY-LAB	4533400.0	205.24400000000003	1.8969099999999999	10	0.00109863	579.171	579.17	1	spectra_filtered/specs_ms.mgf440	1		0	0	RPMNUQRUHXIGHK-UHFFFAOYSA-N	RPMNUQRUHXIGHK	N/A	N/A	N/A	Flavonoids	Flavones	Shikimates and Phenylpropanoids
CCMSLIB00004680136	Loliolide	LC-ESI	Orbitrap	Crude	Lihini Aluwihare	Daniel Petras	M+H	197.117	0.0	1	 	 	CC1(CC(CC2(C1=CC(=O)O2)C)O)C	 	 	3	Positive	UPDATE-SINGLE-ANNOTATED-BRONZE	Bronze	442	spectra_filtered/specs_ms.mgf	lib-00045.mgf	0.934575	GNPS-LIBRARY	1254300.0	205.93400000000003	0.5418689999999999	22	0.000106812	197.117	197.11700000000002	1	spectra_filtered/specs_ms.mgf442	1		25	1085	XEVQXKKKAVVSMW-UHFFFAOYSA-N	XEVQXKKKAVVSMW	N/A	N/A	N/A	Apocarotenoids	Apocarotenoids (β-)	Terpenoids
CCMSLIB00010111879	Isovitexin CollisionEnergy:102040	LC-ESI	Orbitrap	Commercial	Trent Northen	JGI	M+Na	455.095	0.0	1	N/A	N/A	O=c1cc(-c2ccc(O)cc2)oc2cc(O)c(C3OC(CO)C(O)C(O)C3O)c(O)c12	"""InChI=1S/C21H20O10/c22-7-14-17(26)19(28)20(29)21(31-14)16-11(25)6-13-15(18(16)27)10(24)5-12(30-13)8-1-3-9(23)4-2-8/h1-6,14,17,19-23,25-29H,7H2/t14-,17-,19+,20-,21+/m1/s1"""	N/A	3	Positive	UPDATE-SINGLE-ANNOTATED-BRONZE	Bronze	362	spectra_filtered/specs_ms.mgf	lib-00011.mgf	0.9338350000000001	BERKELEY-LAB	872700.0	183.294	0.201173	7	9.15527e-05	455.095	455.095	1	spectra_filtered/specs_ms.mgf362	1		0	0	MYXNWGACZJSMBT-UHFFFAOYSA-N	MYXNWGACZJSMBT	N/A	N/A	N/A	Flavonoids	Flavones	Shikimates and Phenylpropanoids
CCMSLIB00005762158	Massbank:LU080702 Azacyclotridecan-2-one	ESI	Hybrid FT	Isolated	Massbank	Massbank	M+H	198.185	0.0	1	947-04-6	N/A	O=C1CCCCCCCCCCCN1	1S/C12H23NO/c14-12-10-8-6-4-2-1-3-5-7-9-11-13-12/h1-11H2,(H,13,14)	N/A	3	Positive	UPDATE-SINGLE-ANNOTATED-BRONZE	Bronze	607	spectra_filtered/specs_ms.mgf	lib-00050.mgf	0.9325479999999999	MASSBANK	950000.0	319.20799999999997	1.53985	10	0.000305176	198.185	198.185	1	spectra_filtered/specs_ms.mgf607	1		0	0	JHWNWJKBPDFINM-UHFFFAOYSA-N	JHWNWJKBPDFINM	N/A	N/A	N/A	Lysine alkaloids		Alkaloids
CCMSLIB00005716784	(4R,5S or 4S,5R)-4-hydroxy-5-((?-D-glucopyranosyloxy)methyl)dihydrofuran-2(3H)-one	LC-ESI	Orbitrap	Isolated	Wolfender	Brillatz	M+H	295.102	0.0	1	N/A	 	OC[C@@H]1[C@@H](O)[C@H](O)[C@@H](O)[C@H](OC[C@H]2[C@H](O)CC(O2)=O)O1	InChI=1S/C11H18O9/c12-2-5-8(15)9(16)10(17)11(20-5)18-3-6-4(13)1-7(14)19-6/h4-6,8-13,15-17H,1-3H2/t4-,5-,6+,8-,9+,10-,11-/m1/s1	N/A	3	Positive	UPDATE-SINGLE-ANNOTATED-BRONZE	Bronze	52	spectra_filtered/specs_ms.mgf	lib-00045.mgf	0.9325100000000001	GNPS-LIBRARY	8308500.0	40.346	3.10241	12	0.000915527	295.102	295.103	1	spectra_filtered/specs_ms.mgf52	1		0	0	ICIVTMMHIDPPLT-KYGWDMNQSA-N	ICIVTMMHIDPPLT	N/A	N/A	N/A	Saccharides	Disaccharides	Carbohydrates
CCMSLIB00006678961	QUINIC ACID	ESI	Orbitrap	isolated	MoNA	MoNA:MoNA037238	M+H	193.071	0.0	1	N/A	N/A	C1[C@H](C([C@@H](CC1(C(=O)O)O)O)O)O	"""InChI=1S/C7H12O6/c8-3-1-7(13,6(11)12)2-4(9)5(3)10/h3-5,8-10,13H,1-2H2,(H,11,12)/t3-,4-,5?,7?/m1/s1"""	N/A	3	positive	UPDATE-SINGLE-ANNOTATED-BRONZE	Bronze	49	spectra_filtered/specs_ms.mgf	lib-00003.mgf	0.9322860000000001	MONA	902000.0	39.676	1.02742	20	0.00019836400000000003	193.071	193.071	1	spectra_filtered/specs_ms.mgf49	1		0	0	AAWZDTNXLSGCEK-LNVDRNJUSA-N	AAWZDTNXLSGCEK	N/A	N/A	N/A	Phenolic acids (C6-C1)	Shikimic acids and derivatives|Simple phenolic acids	Shikimates and Phenylpropanoids
CCMSLIB00006679493	GLUTAMIC ACID	ESI	Orbitrap	isolated	MoNA	MoNA:MoNA037232	M+H	148.06	0.0	1	N/A	N/A	C(CC(=O)O)[C@@H](C(=O)O)N	"""InChI=1S/C5H9NO4/c6-3(5(9)10)1-2-4(7)8/h3H,1-2,6H2,(H,7,8)(H,9,10)/t3-/m0/s1"""	N/A	3	positive	UPDATE-SINGLE-ANNOTATED-BRONZE	Bronze	47	spectra_filtered/specs_ms.mgf	lib-00003.mgf	0.9317479999999999	MONA	1200100.0	39.319	3.4009199999999997	6	0.00050354	148.06	148.061	1	spectra_filtered/specs_ms.mgf47	1		0	0	WHUUTDBJXJRKMK-VKHMYHEASA-N	WHUUTDBJXJRKMK	N/A	N/A	N/A	Small peptides	Aminoacids	Amino acids and Peptides
CCMSLIB00000577906	GUANOSINE	LC-ESI	Q-Exactive Plus	Commercial standard	Alexandrov Theodore	Prasad	M+H	284.1	283.092	0	118-00-3	6802	C1=NC2=C(N1C3C(C(C(O3)CO)O)O)NC(=NC2=O)N	N/A	N/A	1	Positive	UPDATE-SINGLE-ANNOTATED-GOLD	Gold	102	spectra_filtered/specs_ms.mgf	lib-00026.mgf	0.919636	GNPS-EMBL-MCF	1635000.0	66.358	3.22255	6	0.000915527	284.1	284.099	1	spectra_filtered/specs_ms.mgf102	1		1	66	NYHBQMYGNKIUIF-UHFFFAOYSA-N	NYHBQMYGNKIUIF	N/A	N/A	N/A	Nucleosides	Purine nucleos(t)ides	Carbohydrates
CCMSLIB00003137948	Spectral Match to Ile-Leu from NIST14	ESI	QqQ	Isolated	Data from Pieter Dorrestein	Data deposited by lfnothias	M+H	245.181	0.0	1	N/A	N/A	N/A	N/A	N/A	3	Positive	UPDATE-SINGLE-ANNOTATED-BRONZE	Bronze	299	spectra_filtered/specs_ms.mgf	lib-00018.mgf	0.917415	GNPS-NIST14-MATCHES	1580900.0	163.782	20.7864	6	0.00509644	245.181	245.18599999999998	1	spectra_filtered/specs_ms.mgf299	1		47	2829	N/A	N/A	N/A	N/A	N/A	N/A	N/A	N/A
CCMSLIB00011427964	"""HERBACETIN-3,8-DIGLUCOPYRANOSIDE"""	ESI	Orbitrap	Commercial	Cech	Vicky Anderson	M+H	627.156	626.148	1	99224-12-1	N/A	C1=CC(=CC=C1C2=C(C(=O)C3=C(O2)C(=C(C=C3O)O)OC4C(C(C(C(O4)CO)O)O)O)OC5C(C(C(C(O5)CO)O)O)O)O	"""InChI=1S/C27H30O17/c28-6-12-15(33)18(36)20(38)26(40-12)43-23-11(32)5-10(31)14-17(35)25(22(42-24(14)23)8-1-3-9(30)4-2-8)44-27-21(39)19(37)16(34)13(7-29)41-27/h1-5,12-13,15-16,18-21,26-34,36-39H,6-7H2"""	N/A	1	Positive	UPDATE-SINGLE-ANNOTATED-GOLD	Gold	204	spectra_filtered/specs_ms.mgf	lib-00015.mgf	0.916696	LEAFBOT	419100.0	136.55700000000002	0.291962	7	0.000183105	627.156	627.156	1	spectra_filtered/specs_ms.mgf204	1		0	0	VMOKZQAQPBUNRW-UHFFFAOYSA-N	VMOKZQAQPBUNRW	N/A	N/A	N/A	Flavonoids	Flavonols	Shikimates and Phenylpropanoids
CCMSLIB00006680038	SUCROSE	ESI	Orbitrap	isolated	MoNA	MoNA:MoNA037722	M+H	343.123	0.0	1	N/A	N/A	C([C@@H]1[C@H]([C@@H]([C@H]([C@H](O1)O[C@@]2(CO)[C@H]([C@@H]([C@@H](CO)O2)O)O)O)O)O)O	"""InChI=1S/C12H22O11/c13-1-4-6(16)8(18)9(19)11(21-4)23-12(3-15)10(20)7(17)5(2-14)22-12/h4-11,13-20H,1-3H2/t4-,5-,6-,7-,8+,9-,10+,11-,12+/m1/s1"""	N/A	3	positive	UPDATE-SINGLE-ANNOTATED-BRONZE	Bronze	59	spectra_filtered/specs_ms.mgf	lib-00003.mgf	0.912327	MONA	1127400.0	40.815	1.7788099999999998	16	0.000610352	343.123	343.124	1	spectra_filtered/specs_ms.mgf59	1		2	72	CZMRCDWAGMRECN-UGDNZRGBSA-N	CZMRCDWAGMRECN	N/A	N/A	N/A	Saccharides	Disaccharides	Carbohydrates
CCMSLIB00003135346	Spectral Match to Lyso-PC(16:0) from NIST14	ESI	qTof	Isolated	Data from Pieter Dorrestein	Data deposited by lfnothias	M+H	496.329	495.332	1	17364168	N/A	CCCCCCCCCCCCCCCC(=O)OC[C@H](COP(=O)([O-])OCC[N+](C)(C)C)O	InChI=1S/C24H50NO7P/c1-5-6-7-8-9-10-11-12-13-14-15-16-17-18-24(27)30-21-23(26)22-32-33(28,29)31-20-19-25(2,3)4/h23,26H,5-22H2,1-4H3/t23-/m1/s1	N/A	3	Positive	UPDATE-SINGLE-ANNOTATED-BRONZE	Bronze	669	spectra_filtered/specs_ms.mgf	lib-00018.mgf	0.9115409999999999	GNPS-NIST14-MATCHES	2935400.0	472.514	22.5656	15	0.0112	496.329	496.34	1	spectra_filtered/specs_ms.mgf669	1		146	12916	ASWBNKHCZGQVJV-HSZRJFAPSA-N	ASWBNKHCZGQVJV	N/A	N/A	N/A	N/A	N/A	N/A
CCMSLIB00010129502	Caffeic acid 4-O-beta-D-glucopyranoside 	LC-ESI	Orbitrap	Crude	Ferreira Queiroz	lfnothias	M+H	343.103	0.0	0	 	 	OC(/C=C/C1=CC(O)=C(OC2OC(CO)C(O)C(O)C2O)C=C1)=O	 	 	3	Positive	UPDATE-SINGLE-ANNOTATED-BRONZE	Bronze	170	spectra_filtered/specs_ms.mgf	lib-00045.mgf	0.9068709999999999	GNPS-LIBRARY	3200200.0	122.387	0.889458	10	0.000305176	343.103	343.103	1	spectra_filtered/specs_ms.mgf170	1		0	0	OHEYCHKLBCPRLZ-DUXPYHPUSA-N	OHEYCHKLBCPRLZ	N/A	N/A	N/A	Phenylpropanoids (C6-C3)	Cinnamic acids and derivatives	Shikimates and Phenylpropanoids
CCMSLIB00010113343	SINAPIC ACID CollisionEnergy:102040	LC-ESI	Orbitrap	Commercial	Trent Northen	JGI	M+H	225.076	0.0	1	N/A	N/A	COc1cc(C=CC(=O)O)cc(OC)c1O	"""InChI=1S/C11H12O5/c1-15-8-5-7(3-4-10(12)13)6-9(16-2)11(8)14/h3-6,14H,1-2H3,(H,12,13)/b4-3+"""	N/A	3	Positive	UPDATE-SINGLE-ANNOTATED-BRONZE	Bronze	255	spectra_filtered/specs_ms.mgf	lib-00011.mgf	0.9023180000000001	BERKELEY-LAB	110700.0	154.10399999999998	1.7626400000000002	6	0.000396729	225.076	225.076	1	spectra_filtered/specs_ms.mgf255	1		0	0	PCMORTLOPMLEFB-UHFFFAOYSA-N	PCMORTLOPMLEFB	N/A	N/A	N/A	Phenylpropanoids (C6-C3)	Cinnamic acids and derivatives	Shikimates and Phenylpropanoids
CCMSLIB00011427867	HESPERIDIN	ESI	Orbitrap	Commercial	Cech	Vicky Anderson	M-H	609.182	610.19	-1	520-26-3	N/A	CC1C(C(C(C(O1)OCC2C(C(C(C(O2)OC3=CC(=C4C(=O)CC(OC4=C3)C5=CC(=C(C=C5)OC)O)O)O)O)O)O)O)O	"""InChI=1S/C28H34O15/c1-10-21(32)23(34)25(36)27(40-10)39-9-19-22(33)24(35)26(37)28(43-19)41-12-6-14(30)20-15(31)8-17(42-18(20)7-12)11-3-4-16(38-2)13(29)5-11/h3-7,10,17,19,21-30,32-37H,8-9H2,1-2H3"""	N/A	1	Negative	UPDATE-SINGLE-ANNOTATED-GOLD	Gold	450	spectra_filtered/specs_ms.mgf	lib-00015.mgf	0.900884	LEAFBOT	9574100.0	210.264	1.50288	9	0.000915527	609.182	609.181	1	spectra_filtered/specs_ms.mgf450	1		0	0	QUQPHWDTPGMPEX-UHFFFAOYSA-N	QUQPHWDTPGMPEX	N/A	N/A	N/A	Flavonoids	Flavanones	Shikimates and Phenylpropanoids
CCMSLIB00000221487	ReSpect:PT109330 Quercetin-3-Glucuronide|Quer-3-GlcA|Miquelianin|Querciturone|(2S,3S,4S,5R,6S)-6-[2-(3,4-dihydroxyphenyl)-5,7-dihydroxy-4-oxochromen-3-yl]oxy-3,4,5-trihydroxyoxane-2-carboxylic acid	ESI	LC-Q-TOF/MS	Isolated	Putative ReSpect Match	ReSpect	[M+H]	479.083	0.0	1	22688-79-5	N/A	C1=CC(=C(C=C1C2=C(C(=O)C3=C(C=C(C=C3O2)O)O)OC4C(C(C(C(O4)C(=O)O)O)O)O)O)O	1/C21H18O13/c22-7-4-10(25)12-11(5-7)32-17(6-1-2-8(23)9(24)3-6)18(13(12)26)33-21-16(29)14(27)15(28)19(34-21)20(30)31/h1-5,14-16,19,21-25,27-29H,(H,30,31)/t14-,15-,16+,19-,21+/m0/s1/f/h30H	N/A	3	Positive	UPDATE-SINGLE-ANNOTATED-BRONZE	Bronze	373	spectra_filtered/specs_ms.mgf	lib-00043.mgf	0.9008149999999999	RESPECT	5933400.0	185.365	0.8281	13	0.000396729	479.083	479.083	1	spectra_filtered/specs_ms.mgf373	1		0	0	DUBCCGAQYVUYEU-UHFFFAOYSA-N	DUBCCGAQYVUYEU	N/A	N/A	N/A	Flavonoids	Flavonols	Shikimates and Phenylpropanoids
CCMSLIB00004706127	3-[4,5-dihydroxy-3-(3,4,5-trihydroxy-6-methyloxan-2-yl)oxy-6-[(3,4,5-trihydroxy-6-methyloxan-2-yl)oxymethyl]oxan-2-yl]oxy-5,7-dihydroxy-2-(4-hydroxyphenyl)chromen-4-one	N/A	ESI-QFT	isolated	MoNA	MoNA:VF-NPL-QEHF015064	[M+H]+	741.224	0.0	1	N/A	N/A	N/A	InChI=1S/C33H40O19/c1-10-19(37)23(41)26(44)31(47-10)46-9-17-21(39)25(43)30(52-32-27(45)24(42)20(38)11(2)48-32)33(50-17)51-29-22(40)18-15(36)7-14(35)8-16(18)49-28(29)12-3-5-13(34)6-4-12/h3-8,10-11,17,19-21,23-27,30-39,41-45H,9H2,1-2H3	N/A	3	positive	UPDATE-SINGLE-ANNOTATED-BRONZE	Bronze	334	spectra_filtered/specs_ms.mgf	lib-00003.mgf	0.8967700000000001	MONA	3646800.0	176.15	2.96437	40	0.00219727	741.224	741.222	1	spectra_filtered/specs_ms.mgf334	1		0	0	WRXVPTMENPZUIZ-UHFFFAOYSA-N	WRXVPTMENPZUIZ	N/A	N/A	N/A	N/A	N/A	N/A
CCMSLIB00003137019	Spectral Match to 1,2-Di-(9Z,12Z,15Z-octadecatrienoyl)-sn-glycero-3-phosphocholine from NIST14	ESI	qTof	Isolated	Data from Gabriel Haddad	Data deposited by mjmeehan	M+H	778.54	777.531	1	2701191	N/A	CC/C=C\C/C=C\C/C=C\CCCCCCCC(=O)OC[C@H](COP(=O)([O-])OCC[N+](C)(C)C)OC(=O)CCCCCCC/C=C\C/C=C\C/C=C\CC	InChI=1S/C44H76NO8P/c1-6-8-10-12-14-16-18-20-22-24-26-28-30-32-34-36-43(46)50-40-42(41-52-54(48,49)51-39-38-45(3,4)5)53-44(47)37-35-33-31-29-27-25-23-21-19-17-15-13-11-9-7-2/h8-11,14-17,20-23,42H,6-7,12-13,18-19,24-41H2,1-5H3/b10-8-,11-9-,16-14-,17-15-,22-20-,23-21-/t42-/m1/s1	N/A	3	Positive	UPDATE-SINGLE-ANNOTATED-BRONZE	Bronze	860	spectra_filtered/specs_ms.mgf	lib-00018.mgf	0.8954989999999999	GNPS-NIST14-MATCHES	49364400.0	661.7660000000001	0.548779	19	0.000427246	778.54	778.54	1	spectra_filtered/specs_ms.mgf860	1		44	2054	XXKFQTJOJZELMD-JICBSJGISA-N	XXKFQTJOJZELMD	N/A	N/A	N/A	N/A	N/A	N/A
CCMSLIB00004716024	(2R,3S,4S,5R,6R)-2-[[(2S,3R,4R)-3,4-dihydroxy-4-(hydroxymethyl)oxolan-2-yl]oxymethyl]-6-(2-phenylethoxy)oxane-3,4,5-triol	N/A	ESI-QFT	isolated	MoNA	MoNA:VF-NPL-QEHF024961	[M+NH4]+	434.202	0.0	1	N/A	N/A	N/A	InChI=1S/C19H28O10/c20-9-19(25)10-28-18(16(19)24)27-8-12-13(21)14(22)15(23)17(29-12)26-7-6-11-4-2-1-3-5-11/h1-5,12-18,20-25H,6-10H2/t12-,13-,14+,15-,16+,17-,18+,19-/m1/s1	N/A	3	positive	UPDATE-SINGLE-ANNOTATED-BRONZE	Bronze	342	spectra_filtered/specs_ms.mgf	lib-00003.mgf	0.889141	MONA	5978100.0	178.49599999999998	1.6165399999999999	48	0.0007019039999999999	434.202	434.20300000000003	1	spectra_filtered/specs_ms.mgf342	1		0	0	GZSQKOFXMZDKPV-DERWZFJFSA-N	GZSQKOFXMZDKPV	N/A	N/A	N/A	N/A	N/A	N/A
CCMSLIB00005884002	5-OXO-D-PROLINE - 50.0 eV	ESI	Orbitrap	Isolated	Madeleine Ernst	Anna Abrahamsson	M+H	130.05	0.0	1	4042-36-8	N/A	OC(=O)C1CCC(=O)N1	N/A	N/A	1	Positive	UPDATE-SINGLE-ANNOTATED-GOLD	Gold	43	spectra_filtered/specs_ms.mgf	lib-00045.mgf	0.88908	GNPS-LIBRARY	2134200.0	37.95	2.22927	11	0.000289917	130.05	130.05	1	spectra_filtered/specs_ms.mgf43	1		0	0	ODHCTXKNWHHXJC-UHFFFAOYSA-N	ODHCTXKNWHHXJC	N/A	N/A	N/A	Small peptides	Aminoacids	Amino acids and Peptides
CCMSLIB00010123847	Chlorogenic Acid CollisionEnergy:205060	LC-ESI	Orbitrap	Commercial	Trent Northen	JGI	M+Na	377.084	0.0	1	N/A	N/A	O=C(C=Cc1ccc(O)c(O)c1)OC1CC(O)(C(=O)O)CC(O)C1O	"""InChI=1S/C16H18O9/c17-9-3-1-8(5-10(9)18)2-4-13(20)25-12-7-16(24,15(22)23)6-11(19)14(12)21/h1-5,11-12,14,17-19,21,24H,6-7H2,(H,22,23)/b4-2+/t11?,12-,14?,16?/m1/s1"""	N/A	3	Positive	UPDATE-SINGLE-ANNOTATED-BRONZE	Bronze	213	spectra_filtered/specs_ms.mgf	lib-00011.mgf	0.888583	BERKELEY-LAB	780500.0	140.707	1.53768	6	0.000579834	377.084	377.085	1	spectra_filtered/specs_ms.mgf213	1		0	0	CWVRJTMFETXNAD-UHFFFAOYSA-N	CWVRJTMFETXNAD	N/A	N/A	N/A	Phenylpropanoids (C6-C3)	Cinnamic acids and derivatives	Shikimates and Phenylpropanoids
CCMSLIB00011906073	Kaempferol	ESI	Orbitrap	Isolated	Daniel Petras	"""Christian Geibel, Giovanni Andrea Vitale"""	M+H	287.055	286.048	1	N/A	N/A	C1=CC(=CC=C1C2=C(C(=O)C3=C(C=C(C=C3O2)O)O)O)O	N/A	N/A	1	Positive	UPDATE-SINGLE-ANNOTATED-GOLD	Gold	526	spectra_filtered/specs_ms.mgf	lib-00028.mgf	0.8876290000000001	TUEBINGEN-NATURAL-PRODUCT-COLLECTION	1357200.0	244.854	1.06313	6	0.000305176	287.055	287.055	1	spectra_filtered/specs_ms.mgf526	1		18	510	IYRMWMYZSQPJKC-UHFFFAOYSA-N	IYRMWMYZSQPJKC	N/A	N/A	N/A	Flavonoids	Flavonols	Shikimates and Phenylpropanoids
CCMSLIB00005883634	CYTIDINE - 20.0 eV	ESI	Orbitrap	Isolated	Madeleine Ernst	Anna Abrahamsson	M+H	244.093	0.0	1	65-46-3	N/A	NC1=NC(=O)N(C=C1)[C@@H]1O[C@H](CO)[C@@H](O)[C@H]1O	N/A	N/A	1	Positive	UPDATE-SINGLE-ANNOTATED-GOLD	Gold	36	spectra_filtered/specs_ms.mgf	lib-00045.mgf	0.886757	GNPS-LIBRARY	1245000.0	37.421	0.43758500000000006	7	0.000106812	244.093	244.093	1	spectra_filtered/specs_ms.mgf36	1		0	0	UHDGCWIWMRVCDJ-XVFCMESISA-N	UHDGCWIWMRVCDJ	N/A	N/A	N/A	Nucleosides	Pyrimidine nucleos(t)ides	Carbohydrates
CCMSLIB00005725033	1-methyl-4-methylidene-7-(propan-2-yl)-1,2,3,3a,4,5,6,8a-octahydroazulen-1-ol	ESI	Orbitrap	Isolated	Wolfender	Luis Quiros-Guerrero	M-H2O+H	203.179	220.183	1	N/A	N/A	CC(C)C(CCC(C1CC2)=C)=CC1C2(C)O	InChI=1S/C15H24O/c1-10(2)12-6-5-11(3)13-7-8-15(4,16)14(13)9-12/h9-10,13-14,16H,3,5-8H2,1-2,4H3	N/A	1	Positive	UPDATE-SINGLE-ANNOTATED-GOLD	Gold	517	spectra_filtered/specs_ms.mgf	lib-00045.mgf	0.884165	GNPS-LIBRARY	305000.0	241.97	1.5019999999999998	20	0.000305176	203.179	203.179	1	spectra_filtered/specs_ms.mgf517	1		0	0	BUPJOLXWQXEJSQ-UHFFFAOYSA-N	BUPJOLXWQXEJSQ	N/A	N/A	N/A	Sesquiterpenoids	Guaiane sesquiterpenoids	Terpenoids
CCMSLIB00010123661	Isoorientin CollisionEnergy:205060	LC-ESI	Orbitrap	Commercial	Trent Northen	JGI	M+Na	471.09	0.0	1	N/A	N/A	O=c1cc(-c2ccc(O)c(O)c2)oc2cc(O)c(C3OC(CO)C(O)C(O)C3O)c(O)c12	"""InChI=1S/C21H20O11/c22-6-14-17(27)19(29)20(30)21(32-14)16-11(26)5-13-15(18(16)28)10(25)4-12(31-13)7-1-2-8(23)9(24)3-7/h1-5,14,17,19-24,26-30H,6H2/t14-,17-,19+,20-,21+/m1/s1"""	N/A	3	Positive	UPDATE-SINGLE-ANNOTATED-BRONZE	Bronze	318	spectra_filtered/specs_ms.mgf	lib-00011.mgf	0.8810309999999999	BERKELEY-LAB	364200.0	168.222	0.19434200000000001	6	9.15527e-05	471.09	471.09	1	spectra_filtered/specs_ms.mgf318	1		0	0	ODBRNZZJSYPIDI-UHFFFAOYSA-N	ODBRNZZJSYPIDI	N/A	N/A	N/A	Flavonoids	Flavones	Shikimates and Phenylpropanoids
CCMSLIB00006678498	PHENYLACETIC ACID	ESI	Orbitrap	isolated	MoNA	MoNA:MoNA037421	M+H	137.06	0.0	1	N/A	N/A	C1=CC=C(C=C1)CC(=O)O	"""InChI=1S/C8H8O2/c9-8(10)6-7-4-2-1-3-5-7/h1-5H,6H2,(H,9,10)"""	N/A	3	positive	UPDATE-SINGLE-ANNOTATED-BRONZE	Bronze	70	spectra_filtered/specs_ms.mgf	lib-00003.mgf	0.879395	MONA	191148000.0	48.946000000000005	0.667976	6	9.15527e-05	137.06	137.06	1	spectra_filtered/specs_ms.mgf70	1		0	0	WLJVXDMOQOGPHL-UHFFFAOYSA-N	WLJVXDMOQOGPHL	N/A	N/A	N/A			Shikimates and Phenylpropanoids
CCMSLIB00006678967	CARNITINE	ESI	Orbitrap	isolated	MoNA	MoNA:MoNA037442	M+H	162.112	0.0	1	N/A	N/A	C[N+](C)(C)C[C@@H](CC(=O)[O-])O	"""InChI=1S/C7H15NO3/c1-8(2,3)5-6(9)4-7(10)11/h6,9H,4-5H2,1-3H3/t6-/m1/s1"""	N/A	3	positive	UPDATE-SINGLE-ANNOTATED-BRONZE	Bronze	33	spectra_filtered/specs_ms.mgf	lib-00003.mgf	0.878936	MONA	7833100.0	37.196999999999996	3.67087	6	0.000595093	162.112	162.113	1	spectra_filtered/specs_ms.mgf33	1		0	0	PHIQHXFUZVPYII-ZCFIWIBFSA-N	PHIQHXFUZVPYII	N/A	N/A	N/A	N/A	N/A	N/A
CCMSLIB00003135606	Spectral Match to Di-.gamma.-linolenin (6c,9c,12c) from NIST14	ESI	qTof	Isolated	Data from Wolfender/Litaudon	Data deposited by pmallard	M+H	613.484	612.475	1	123072300	N/A	CCCCC/C=C\C/C=C\C/C=C\CCCCC(=O)OCC(CO)OC(=O)CCCC/C=C\C/C=C\C/C=C\CCCCC	InChI=1S/C39H64O5/c1-3-5-7-9-11-13-15-17-19-21-23-25-27-29-31-33-38(41)43-36-37(35-40)44-39(42)34-32-30-28-26-24-22-20-18-16-14-12-10-8-6-4-2/h11-14,17-20,23-26,37,40H,3-10,15-16,21-22,27-36H2,1-2H3/b13-11-,14-12-,19-17-,20-18-,25-23-,26-24-	N/A	3	Positive	UPDATE-SINGLE-ANNOTATED-BRONZE	Bronze	885	spectra_filtered/specs_ms.mgf	lib-00018.mgf	0.876178	GNPS-NIST14-MATCHES	16207900.0	675.301	2.58672	98	0.00158691	613.484	613.482	1	spectra_filtered/specs_ms.mgf885	1		10	563	JVRVKOOOXHGJKI-HUYIQXHZSA-N	JVRVKOOOXHGJKI	N/A	N/A	N/A	Glycerolipids	Diacylglycerols	Fatty acids
CCMSLIB00004706636	Quercetin 3-O-malonylglucoside	N/A	ESI-QFT	isolated	MoNA	MoNA:VF-NPL-QEHF015573	[M+H]+	551.103	0.0	1	N/A	N/A	N/A	InChI=1S/C24H22O15/c25-9-4-12(28)17-13(5-9)37-22(8-1-2-10(26)11(27)3-8)23(19(17)33)39-24-21(35)20(34)18(32)14(38-24)7-36-16(31)6-15(29)30/h1-5,14,18,20-21,24-28,32,34-35H,6-7H2,(H,29,30)/t14-,18-,20+,21-,24+/m1/s1	N/A	3	positive	UPDATE-SINGLE-ANNOTATED-BRONZE	Bronze	402	spectra_filtered/specs_ms.mgf	lib-00003.mgf	0.872495	MONA	4399000.0	194.071	0.996758	35	0.000549316	551.103	551.104	1	spectra_filtered/specs_ms.mgf402	1		0	0	NBQPHANHNTWDML-UJKBSQBPSA-N	NBQPHANHNTWDML	N/A	N/A	N/A	N/A	N/A	N/A
CCMSLIB00003136761	Spectral Match to 13S-Hydroxy-9Z,11E,15Z-octadecatrienoic acid from NIST14	ESI	HCD	Isolated	Data from Wolfender/Litaudon	Data deposited by pmallard	M+H-H2O	277.216	0.0	1	87984825	N/A	N/A	N/A	N/A	3	Positive	UPDATE-SINGLE-ANNOTATED-BRONZE	Bronze	640	spectra_filtered/specs_ms.mgf	lib-00018.mgf	0.871125	GNPS-NIST14-MATCHES	616800.0	427.20300000000003	1.10086	32	0.000305176	277.216	277.216	1	spectra_filtered/specs_ms.mgf640	1		57	2159	N/A	N/A	N/A	N/A	N/A	N/A	N/A	N/A
CCMSLIB00006439374	Higenamine	ESI	Orbitrap	Commercial standard	BMDMS-NP	BMDMS-NP	[M+H]+	272.12	271.121	1	N/A	N/A	OC1=CC=C(C=C1)CC2NCCC3=CC(O)=C(O)C=C32	InChI=1S/C16H17NO3/c18-12-3-1-10(2-4-12)7-14-13-9-16(20)15(19)8-11(13)5-6-17-14/h1-4,8-9,14,17-20H,5-7H2	N/A	1	Positive	UPDATE-SINGLE-ANNOTATED-GOLD	Gold	172	spectra_filtered/specs_ms.mgf	lib-00042.mgf	0.870936	BMDMS-NP	1176200.0	122.712	30.1677	14	0.00820923	272.12	272.128	1	spectra_filtered/specs_ms.mgf172	1		0	0	WZRCQWQRFZITDX-UHFFFAOYSA-N	WZRCQWQRFZITDX	N/A	N/A	N/A	Tyrosine alkaloids	Isoquinoline alkaloids|Tetrahydroisoquinoline alkaloids	Alkaloids
CCMSLIB00004697331	(E)-3-[4-[(2S,3R,4S,5S,6R)-3,4,5-trihydroxy-6-(hydroxymethyl)oxan-2-yl]oxyphenyl]prop-2-enoic acid	N/A	ESI-QFT	isolated	MoNA	MoNA:VF-NPL-QEHF006268	[M+NH4]+	344.134	0.0	1	N/A	N/A	N/A	InChI=1S/C15H18O8/c16-7-10-12(19)13(20)14(21)15(23-10)22-9-4-1-8(2-5-9)3-6-11(17)18/h1-6,10,12-16,19-21H,7H2,(H,17,18)/b6-3+/t10-,12-,13+,14-,15-/m1/s1	N/A	3	positive	UPDATE-SINGLE-ANNOTATED-BRONZE	Bronze	217	spectra_filtered/specs_ms.mgf	lib-00003.mgf	0.8696510000000001	MONA	6687800.0	142.21200000000002	0.532076	29	0.000183105	344.134	344.134	1	spectra_filtered/specs_ms.mgf217	1		0	0	LJFYQZQUAULRDF-FDGSXQGBSA-N	LJFYQZQUAULRDF	N/A	N/A	N/A	N/A	N/A	N/A
CCMSLIB00004699248	2-[4-[(3S,3aR,6S,6aR)-6-[3-methoxy-4-[3,4,5-trihydroxy-6-(hydroxymethyl)oxan-2-yl]oxyphenyl]-1,3,3a,4,6,6a-hexahydrofuro[3,4-c]furan-3-yl]-2-methoxyphenoxy]-6-(hydroxymethyl)oxane-3,4,5-triol	N/A	ESI-QFT	isolated	MoNA	MoNA:VF-NPL-QEHF008185	[M+NH4]+	700.281	0.0	1	N/A	N/A	N/A	InChI=1S/C32H42O16/c1-41-19-7-13(3-5-17(19)45-31-27(39)25(37)23(35)21(9-33)47-31)29-15-11-44-30(16(15)12-43-29)14-4-6-18(20(8-14)42-2)46-32-28(40)26(38)24(36)22(10-34)48-32/h3-8,15-16,21-40H,9-12H2,1-2H3/t15-,16-,21?,22?,23?,24?,25?,26?,27?,28?,29+,30+,31?,32?/m0/s1	N/A	3	positive	UPDATE-SINGLE-ANNOTATED-BRONZE	Bronze	302	spectra_filtered/specs_ms.mgf	lib-00003.mgf	0.8681610000000001	MONA	7979600.0	165.3	0.174316	66	0.00012207	700.281	700.2810000000001	1	spectra_filtered/specs_ms.mgf302	1		0	0	ZJSJQWDXAYNLNS-XJUVHSKASA-N	ZJSJQWDXAYNLNS	N/A	N/A	N/A	N/A	N/A	N/A
CCMSLIB00010106063	"""6,7-dimethoxy-1,2,4-trihydroisoquinolin-3-one CollisionEnergy:102040"""	LC-ESI	Orbitrap	Commercial	Trent Northen	JGI	M+H	208.097	0.0	1	N/A	N/A	COc1cc2c(cc1OC)CC(O)=NC2	"""InChI=1S/C11H13NO3/c1-14-9-3-7-5-11(13)12-6-8(7)4-10(9)15-2/h3-4H,5-6H2,1-2H3,(H,12,13)"""	N/A	3	Positive	UPDATE-SINGLE-ANNOTATED-BRONZE	Bronze	113	spectra_filtered/specs_ms.mgf	lib-00011.mgf	0.867167	BERKELEY-LAB	1330800.0	94.728	0.513278	7	0.000106812	208.097	208.097	1	spectra_filtered/specs_ms.mgf113	1		0	0	FRBTVJSVXIIDIG-UHFFFAOYSA-N	FRBTVJSVXIIDIG	N/A	N/A	N/A			Alkaloids
CCMSLIB00000847961	NCGC00384787-01!2-(3,4-dihydroxyphenyl)-5,7-dihydroxy-6-[3,4,5-trihydroxy-6-(hydroxymethyl)oxan-2-yl]-2,3-dihydrochromen-4-one	LC-ESI	Maxis II HD Q-TOF Bruker	isolated	Jadhav/Dorrestein	lfnothias	M+H	451.123	450.116	1	n/a	n/a	OCC1OC(C(O)C(O)C1O)C2=C(O)C=C3OC(CC(=O)C3=C2O)C4=CC(O)=C(O)C=C4	InChI=1S/C21H22O11/c22-6-14-17(27)19(29)20(30)21(32-14)16-11(26)5-13-15(18(16)28)10(25)4-12(31-13)7-1-2-8(23)9(24)3-7/h1-3,5,12,14,17,19-24,26-30H,4,6H2	N/A	1	positive	UPDATE-SINGLE-ANNOTATED-GOLD	Gold	262	spectra_filtered/specs_ms.mgf	lib-00051.mgf	0.8658299999999999	GNPS-NIH-NATURALPRODUCTSLIBRARY_ROUND2_POSITIVE	9077100.0	156.215	3.58535	77	0.00161743	451.123	451.125	1	spectra_filtered/specs_ms.mgf262	1		2	8	FNJRUYGFVNGXTL-UHFFFAOYSA-N	FNJRUYGFVNGXTL	N/A	N/A	N/A	Flavonoids	Flavanones	Shikimates and Phenylpropanoids
CCMSLIB00010105443	ABSCISIC ACID CollisionEnergy:102040	LC-ESI	Orbitrap	Commercial	Trent Northen	JGI	M+H-H2O	247.133	0.0	1	N/A	N/A	CC(C=CC1(O)C(C)=CC(=O)CC1(C)C)=CC(=O)O	"""InChI=1S/C15H20O4/c1-10(7-13(17)18)5-6-15(19)11(2)8-12(16)9-14(15,3)4/h5-8,19H,9H2,1-4H3,(H,17,18)/b6-5+,10-7-/t15-/m1/s1"""	N/A	3	Positive	UPDATE-SINGLE-ANNOTATED-BRONZE	Bronze	530	spectra_filtered/specs_ms.mgf	lib-00011.mgf	0.863016	BERKELEY-LAB	323200.0	247.041	2.4079900000000003	33	0.000595093	247.133	247.132	1	spectra_filtered/specs_ms.mgf530	1		0	0	JLIDBLDQVAYHNE-UHFFFAOYSA-N	JLIDBLDQVAYHNE	N/A	N/A	N/A	Apocarotenoids	Apocarotenoids(ε-)	Terpenoids
CCMSLIB00011428145	TYPHANEOSIDE	ESI	Orbitrap	Commercial	Cech	Vicky Anderson	M+H	771.234	770.227	1	104472-68-6	N/A	CC1C(C(C(C(O1)OCC2C(C(C(C(O2)OC3=C(OC4=CC(=CC(=C4C3=O)O)O)C5=CC(=C(C=C5)O)OC)OC6C(C(C(C(O6)C)O)O)O)O)O)O)O)O	"""InChI=1S/C34H42O20/c1-10-20(38)24(42)27(45)32(49-10)48-9-18-22(40)26(44)31(54-33-28(46)25(43)21(39)11(2)50-33)34(52-18)53-30-23(41)19-15(37)7-13(35)8-17(19)51-29(30)12-4-5-14(36)16(6-12)47-3/h4-8,10-11,18,20-22,24-28,31-40,42-46H,9H2,1-3H3"""	N/A	1	Positive	UPDATE-SINGLE-ANNOTATED-GOLD	Gold	343	spectra_filtered/specs_ms.mgf	lib-00015.mgf	0.8581719999999999	LEAFBOT	503100.0	178.50599999999997	0.47483800000000004	11	0.00036621099999999997	771.234	771.2339999999999	1	spectra_filtered/specs_ms.mgf343	1		0	0	POMAQDQEVHXLGT-UHFFFAOYSA-N	POMAQDQEVHXLGT	N/A	N/A	N/A	Flavonoids	Flavonols	Shikimates and Phenylpropanoids
CCMSLIB00003138780	Spectral Match to Ile-Pro from NIST14	ESI	Q-TOF	Isolated	Data from Joshua Wollam	Data deposited by fevargas	M+H	229.155	0.0	1	N/A	N/A	N/A	N/A	N/A	3	Positive	UPDATE-SINGLE-ANNOTATED-BRONZE	Bronze	181	spectra_filtered/specs_ms.mgf	lib-00018.mgf	0.852197	GNPS-NIST14-MATCHES	969900.0	124.613	1.33174	7	0.000305176	229.155	229.155	1	spectra_filtered/specs_ms.mgf181	1		17	640	N/A	N/A	N/A	N/A	N/A	N/A	N/A	N/A
CCMSLIB00010101437	PC(16:1/20:4); [M+H]+ C44H79N1O8P1	LC-ESI	HCD; Velos	Commercial	Thomas Metz	Thomas Metz	M+H	780.554	0.0	1	N/A	N/A	N/A	N/A	N/A	1	Positive	UPDATE-SINGLE-ANNOTATED-GOLD	Gold	930	spectra_filtered/specs_ms.mgf	lib-00017.mgf	0.850176	PNNL-LIPIDS-POSITIVE	35893100.0	699.7669999999999	2.42403	7	0.00189209	780.554	780.552	1	spectra_filtered/specs_ms.mgf930	1		73	3555	N/A	N/A	N/A	N/A	N/A	N/A	N/A	N/A
CCMSLIB00003138418	Spectral Match to Monolinolenin (9c,12c,15c) from NIST14	ESI	HCD	Isolated	Data from Wolfender/Litaudon	Data deposited by pmallard	M+H	353.269	0.0	1	18465991	N/A	N/A	N/A	N/A	3	Positive	UPDATE-SINGLE-ANNOTATED-BRONZE	Bronze	656	spectra_filtered/specs_ms.mgf	lib-00018.mgf	0.845975	GNPS-NIST14-MATCHES	2079000.0	451.43300000000005	0.8638620000000001	40	0.000305176	353.269	353.269	1	spectra_filtered/specs_ms.mgf656	1		101	3591	N/A	N/A	N/A	N/A	N/A	N/A	N/A	N/A
CCMSLIB00004698492	(2R,3S,4S,5R,6R)-2-[[(2R,3R,4R,5S)-3,4-dihydroxy-5-(hydroxymethyl)oxolan-2-yl]oxymethyl]-6-[(2E)-3,7-dimethylocta-2,6-dienoxy]oxane-3,4,5-triol	N/A	ESI-QFT	isolated	MoNA	MoNA:VF-NPL-QEHF007429	[M+NH4]+	466.265	0.0	1	N/A	N/A	N/A	InChI=1S/C21H36O10/c1-11(2)5-4-6-12(3)7-8-28-20-19(27)17(25)16(24)14(31-20)10-29-21-18(26)15(23)13(9-22)30-21/h5,7,13-27H,4,6,8-10H2,1-3H3/b12-7+/t13-,14+,15-,16+,17-,18+,19+,20+,21+/m0/s1	N/A	3	positive	UPDATE-SINGLE-ANNOTATED-BRONZE	Bronze	556	spectra_filtered/specs_ms.mgf	lib-00003.mgf	0.841269	MONA	7620900.0	260.77299999999997	0.261805	35	0.00012207	466.265	466.265	1	spectra_filtered/specs_ms.mgf556	1		0	0	AWDKYYYAAQQLEF-XRSPUIAPSA-N	AWDKYYYAAQQLEF	N/A	N/A	N/A	N/A	N/A	N/A
CCMSLIB00005464061	NICOTINAMIDE	ESI	Orbitrap	Commercial	Dorrestein	Kelly Weldon	M+H	123.055	122.048	1	98-92-0	N/A	NC(=O)C1=CN=CC=C1	"""InChI=1S/C6H6N2O/c7-6(9)5-2-1-3-8-4-5/h1-4H,(H2,7,9)"""	N/A	1	Positive	UPDATE-SINGLE-ANNOTATED-GOLD	Gold	66	spectra_filtered/specs_ms.mgf	lib-00032.mgf	0.8381870000000001	GNPS-MSMLS	11351000.0	48.373000000000005	86.9858	15	0.010704	123.055	123.044	1	spectra_filtered/specs_ms.mgf66	1		0	0	DFPAKSUCGFBDDF-UHFFFAOYSA-N	DFPAKSUCGFBDDF	N/A	N/A	N/A	Nicotinic acid alkaloids	Pyridine alkaloids	Alkaloids
CCMSLIB00004706065	Melibiose	N/A	ESI-QFT	isolated	MoNA	MoNA:VF-NPL-QEHF015002	[M+Na]+	365.105	0.0	1	N/A	N/A	N/A	InChI=1S/C12H22O11/c13-1-3-5(14)8(17)10(19)12(23-3)21-2-4-6(15)7(16)9(18)11(20)22-4/h3-20H,1-2H2/t3-,4-,5+,6-,7+,8+,9-,10-,11-,12+/m1/s1	N/A	3	positive	UPDATE-SINGLE-ANNOTATED-BRONZE	Bronze	53	spectra_filtered/specs_ms.mgf	lib-00003.mgf	0.8359219999999999	MONA	4428200.0	40.086	1.3373700000000002	6	0.00048828099999999997	365.105	365.105	1	spectra_filtered/specs_ms.mgf53	1		19	659	DLRVVLDZNNYCBX-ZZFZYMBESA-N	DLRVVLDZNNYCBX	N/A	N/A	N/A	N/A	N/A	N/A
CCMSLIB00000853975	NCGC00381098-01_C26H34O12_3-Hydroxy-1-(3-hydroxy-4-methoxyphenyl)-2-{4-[(1E)-3-hydroxy-1-propen-1-yl]-2-methoxyphenoxy}propyl beta-D-glucopyranoside	LC-ESI	Maxis II HD Q-TOF Bruker	isolated	Jadhav/Dorrestein	lfnothias	M-H2O+H	521.201	538.205	1	n/a	n/a	COC1=CC=C(C=C1O)C(O[C@@H]2O[C@H](CO)[C@@H](O)[C@H](O)[C@H]2O)C(CO)OC3=C(OC)C=C(\C=C\CO)C=C3	InChI=1S/C26H34O12/c1-34-17-8-6-15(11-16(17)30)25(38-26-24(33)23(32)22(31)20(12-28)37-26)21(13-29)36-18-7-5-14(4-3-9-27)10-19(18)35-2/h3-8,10-11,20-33H,9,12-13H2,1-2H3/b4-3+/t20-,21?,22-,23+,24-,25?,26+/m1/s1	N/A	1	positive	UPDATE-SINGLE-ANNOTATED-GOLD	Gold	257	spectra_filtered/specs_ms.mgf	lib-00051.mgf	0.835142	GNPS-NIH-NATURALPRODUCTSLIBRARY_ROUND2_POSITIVE	1393500.0	155.42	3.86446	25	0.00201416	521.201	521.203	1	spectra_filtered/specs_ms.mgf257	1		23	691	XBTCTDQFKYYTLT-JPNAWLBCSA-N	XBTCTDQFKYYTLT	N/A	N/A	N/A	Lignans	Neolignans	Shikimates and Phenylpropanoids
CCMSLIB00003138547	Spectral Match to Dioctyl phthalate from NIST14	ESI	QqQ	Isolated	Data from Maria Maansson	Data deposited by marjo	M+H	391.3	0.0	1	117840	N/A	N/A	N/A	N/A	3	Positive	UPDATE-SINGLE-ANNOTATED-BRONZE	Bronze	815	spectra_filtered/specs_ms.mgf	lib-00018.mgf	0.834292	GNPS-NIST14-MATCHES	848600.0	637.491	40.086999999999996	6	0.015686000000000002	391.3	391.284	1	spectra_filtered/specs_ms.mgf815	1		238	17737	N/A	N/A	N/A	N/A	N/A	N/A	N/A	N/A
CCMSLIB00000847726	NCGC00169491-02!(4S)-4-hydroxy-3,5,5-trimethyl-4-[(E)-3-[(2R,3R,4S,5S,6R)-3,4,5-trihydroxy-6-(hydroxymethyl)oxan-2-yl]oxybut-1-enyl]cyclohex-2-en-1-one	LC-ESI	Maxis II HD Q-TOF Bruker	isolated	Jadhav/Dorrestein	lfnothias	M+H	387.201	386.194	1	n/a	n/a	CC(O[C@@H]1O[C@H](CO)[C@@H](O)[C@H](O)[C@H]1O)\C=C\[C@@]2(O)C(C)=CC(=O)CC2(C)C	InChI=1S/C19H30O8/c1-10-7-12(21)8-18(3,4)19(10,25)6-5-11(2)26-17-16(24)15(23)14(22)13(9-20)27-17/h5-7,11,13-17,20,22-25H,8-9H2,1-4H3/b6-5+/t11?,13-,14-,15+,16-,17-,19-/m1/s1	N/A	1	positive	UPDATE-SINGLE-ANNOTATED-GOLD	Gold	291	spectra_filtered/specs_ms.mgf	lib-00051.mgf	0.8332459999999999	GNPS-NIH-NATURALPRODUCTSLIBRARY_ROUND2_POSITIVE	3219000.0	163.434	0.551711	50	0.000213623	387.201	387.20099999999996	1	spectra_filtered/specs_ms.mgf291	1		22	467	SWYRVCGNMNAFEK-CLCVOTHJSA-N	SWYRVCGNMNAFEK	N/A	N/A	N/A	Apocarotenoids	Megastigmanes	Terpenoids
CCMSLIB00003135788	Spectral Match to Pentapropylene glycol from NIST14	ESI	qTof	Isolated	Data from Pieter Dorrestein	Data deposited by lfnothias	M+H	309.227	308.22	1	21482122	N/A	CC(CO)OCC(C)OCC(C)OCC(C)OCC(C)O	InChI=1S/C15H32O6/c1-11(17)7-18-13(3)9-20-15(5)10-21-14(4)8-19-12(2)6-16/h11-17H,6-10H2,1-5H3	N/A	3	Positive	UPDATE-SINGLE-ANNOTATED-BRONZE	Bronze	503	spectra_filtered/specs_ms.mgf	lib-00018.mgf	0.8295610000000001	GNPS-NIST14-MATCHES	446700.0	235.88	0.0	7	0.0	309.227	309.22700000000003	1	spectra_filtered/specs_ms.mgf503	1		51	1920	AQRQHYITOOVBTO-UHFFFAOYSA-N	AQRQHYITOOVBTO	N/A	N/A	N/A	Glycerolipids	Monoacylglycerols	Fatty acids
CCMSLIB00010056146	PC(18:2/0:0); [M+H]+ C26H51N1O7P1	LC-ESI	HCD; Lumos	Commercial	Thomas Metz	Thomas Metz	M+H	520.34	0.0	1	N/A	N/A	N/A	N/A	N/A	1	Positive	UPDATE-SINGLE-ANNOTATED-GOLD	Gold	651	spectra_filtered/specs_ms.mgf	lib-00017.mgf	0.8209620000000001	PNNL-LIPIDS-POSITIVE	3348700.0	445.288	0.46919399999999994	6	0.00024414099999999997	520.34	520.34	1	spectra_filtered/specs_ms.mgf651	1		288	28781	N/A	N/A	N/A	N/A	N/A	N/A	N/A	N/A
CCMSLIB00000848553	NCGC00169315-02!2-(hydroxymethyl)-6-[5-[3-(hydroxymethyl)-5-(3-hydroxypropyl)-7-methoxy-2,3-dihydro-1-benzofuran-2-yl]-2-methoxyphenoxy]oxane-3,4,5-triol	LC-ESI	Maxis II HD Q-TOF Bruker	isolated	Jadhav/Dorrestein	lfnothias	M+NH4	540.244	522.21	1	n/a	n/a	COC1=C2OC(C(CO)C2=CC(CCCO)=C1)C3=CC(OC4OC(CO)C(O)C(O)C4O)=C(OC)C=C3	InChI=1S/C26H34O11/c1-33-17-6-5-14(10-18(17)35-26-23(32)22(31)21(30)20(12-29)36-26)24-16(11-28)15-8-13(4-3-7-27)9-19(34-2)25(15)37-24/h5-6,8-10,16,20-24,26-32H,3-4,7,11-12H2,1-2H3	N/A	1	positive	UPDATE-SINGLE-ANNOTATED-GOLD	Gold	395	spectra_filtered/specs_ms.mgf	lib-00051.mgf	0.819903	GNPS-NIH-NATURALPRODUCTSLIBRARY_ROUND2_POSITIVE	10539000.0	190.83700000000002	0.7908390000000001	81	0.000427246	540.244	540.244	1	spectra_filtered/specs_ms.mgf395	1		10	221	RWEVZSYWIIZZFV-UHFFFAOYSA-N	RWEVZSYWIIZZFV	N/A	N/A	N/A	Lignans	Neolignans	Shikimates and Phenylpropanoids
CCMSLIB00010070819	PC(20:4/20:5); [M+H]+ C48H79N1O8P1	LC-ESI	HCD; Velos	Commercial	Thomas Metz	Thomas Metz	M+H	828.554	0.0	1	N/A	N/A	N/A	N/A	N/A	1	Positive	UPDATE-SINGLE-ANNOTATED-GOLD	Gold	753	spectra_filtered/specs_ms.mgf	lib-00017.mgf	0.815963	PNNL-LIPIDS-POSITIVE	2137800.0	583.543	19.0055	6	0.0157471	828.554	828.539	1	spectra_filtered/specs_ms.mgf753	1		9	229	N/A	N/A	N/A	N/A	N/A	N/A	N/A	N/A
CCMSLIB00005884647	NORLEUCINE - 20.0 eV	ESI	Orbitrap	Isolated	Madeleine Ernst	Anna Abrahamsson	M+H	132.102	0.0	1	327-57-1	N/A	CCCC[C@H](N)C(O)=O	N/A	N/A	1	Positive	UPDATE-SINGLE-ANNOTATED-GOLD	Gold	106	spectra_filtered/specs_ms.mgf	lib-00045.mgf	0.814098	GNPS-LIBRARY	526900.0	68.432	0.693046	9	9.15527e-05	132.102	132.102	1	spectra_filtered/specs_ms.mgf106	1		0	0	LRQKBLKVPFOOQJ-YFKPBYRVSA-N	LRQKBLKVPFOOQJ	N/A	N/A	N/A	Fatty Acids and Conjugates|Small peptides	Amino fatty acids|Aminoacids	Amino acids and Peptides|Fatty acids
CCMSLIB00000848476	NCGC00180259-02!2-(hydroxymethyl)-6-[4-[(2S,3S)-3-(hydroxymethyl)-5-[(E)-3-hydroxyprop-1-enyl]-7-methoxy-2,3-dihydro-1-benzofuran-2-yl]-2-methoxyphenoxy]oxane-3,4,5-triol	LC-ESI	Maxis II HD Q-TOF Bruker	isolated	Jadhav/Dorrestein	lfnothias	M+NH4	538.228	520.194	1	n/a	n/a	COC1=C2O[C@@H]([C@H](CO)C2=CC(\C=C\CO)=C1)C3=CC(OC)=C(OC4OC(CO)C(O)C(O)C4O)C=C3	InChI=1S/C26H32O11/c1-33-18-10-14(5-6-17(18)35-26-23(32)22(31)21(30)20(12-29)36-26)24-16(11-28)15-8-13(4-3-7-27)9-19(34-2)25(15)37-24/h3-6,8-10,16,20-24,26-32H,7,11-12H2,1-2H3/b4-3+/t16-,20?,21?,22?,23?,24-,26?/m1/s1	N/A	1	positive	UPDATE-SINGLE-ANNOTATED-GOLD	Gold	385	spectra_filtered/specs_ms.mgf	lib-00051.mgf	0.810305	GNPS-NIH-NATURALPRODUCTSLIBRARY_ROUND2_POSITIVE	3556900.0	188.669	0.0	60	0.0	538.228	538.2280000000001	1	spectra_filtered/specs_ms.mgf385	1		68	1189	SPWHQAUMLDQOFU-LWZOEEAQSA-N	SPWHQAUMLDQOFU	N/A	N/A	N/A	Lignans	Neolignans	Shikimates and Phenylpropanoids
CCMSLIB00005738623	Massbank:RP030402 ?-linolenic acid|linolenic acid|(9Z,12Z,15Z)-octadeca-9,12,15-trienoic acid	ESI	qTof	Isolated	Massbank	Massbank	M+H	279.232	0.0	1	463-40-1	N/A	CC/C=C\C/C=C\C/C=C\CCCCCCCC(=O)O	1S/C18H30O2/c1-2-3-4-5-6-7-8-9-10-11-12-13-14-15-16-17-18(19)20/h3-4,6-7,9-10H,2,5,8,11-17H2,1H3,(H,19,20)/b4-3-,7-6-,10-9-	N/A	3	Positive	UPDATE-SINGLE-ANNOTATED-BRONZE	Bronze	705	spectra_filtered/specs_ms.mgf	lib-00050.mgf	0.810296	MASSBANK	994900.0	538.156	0.327873	33	9.15527e-05	279.232	279.232	1	spectra_filtered/specs_ms.mgf705	1		0	0	DTOSIQBPPRVQHS-PDBXOOCHSA-N	DTOSIQBPPRVQHS	N/A	N/A	N/A	Fatty Acids and Conjugates	Unsaturated fatty acids	Fatty acids
CCMSLIB00000848863	NCGC00091914-04!(2R,3R)-2,3-bis[[(E)-3-(3,4-dihydroxyphenyl)prop-2-enoyl]oxy]butanedioic acid	LC-ESI	Maxis II HD Q-TOF Bruker	isolated	Jadhav/Dorrestein	lfnothias	M+NH4	492.114	474.08	1	n/a	n/a	OC(=O)[C@H](OC(=O)\C=C\C1=CC=C(O)C(O)=C1)[C@@H](OC(=O)\C=C\C2=CC(O)=C(O)C=C2)C(O)=O	InChI=1S/C22H18O12/c23-13-5-1-11(9-15(13)25)3-7-17(27)33-19(21(29)30)20(22(31)32)34-18(28)8-4-12-2-6-14(24)16(26)10-12/h1-10,19-20,23-26H,(H,29,30)(H,31,32)/b7-3+,8-4+/t19-,20-/m1/s1	N/A	1	positive	UPDATE-SINGLE-ANNOTATED-GOLD	Gold	346	spectra_filtered/specs_ms.mgf	lib-00051.mgf	0.8048350000000001	GNPS-NIH-NATURALPRODUCTSLIBRARY_ROUND2_POSITIVE	375700.0	179.187	0.434093	7	0.000213623	492.114	492.11400000000003	1	spectra_filtered/specs_ms.mgf346	1		4	28	YDDGKXBLOXEEMN-IABMMNSOSA-N	YDDGKXBLOXEEMN	N/A	N/A	N/A	Phenylpropanoids (C6-C3)	Cinnamic acids and derivatives	Shikimates and Phenylpropanoids
CCMSLIB00000847289	NCGC00380464-01!3-[(2S,3R,4S,5R,6S)-3,4-dihydroxy-6-methyl-5-[(2S,3R,4S,5S,6R)-3,4,5-trihydroxy-6-(hydroxymethyl)oxan-2-yl]oxyoxan-2-yl]oxy-2-(3,4-dihydroxyphenyl)-5-hydroxy-7-[3,4,5-trihydroxy-6-(hydroxymethyl)oxan-2-yl]oxychromen-4-one	LC-ESI	Maxis II HD Q-TOF Bruker	isolated	Jadhav/Dorrestein	lfnothias	M+H	773.213	772.206	1	n/a	n/a	C[C@@H]1O[C@@H](OC2=C(OC3=CC(OC4OC(CO)C(O)C(O)C4O)=CC(O)=C3C2=O)C5=CC(O)=C(O)C=C5)[C@H](O)[C@H](O)[C@H]1O[C@@H]6O[C@H](CO)[C@@H](O)[C@H](O)[C@H]6O	InChI=1S/C33H40O21/c1-9-28(53-33-26(46)23(43)20(40)17(8-35)52-33)24(44)27(47)31(48-9)54-30-21(41)18-14(38)5-11(49-32-25(45)22(42)19(39)16(7-34)51-32)6-15(18)50-29(30)10-2-3-12(36)13(37)4-10/h2-6,9,16-17,19-20,22-28,31-40,42-47H,7-8H2,1H3/t9-,16?,17+,19?,20+,22?,23-,24-,25?,26+,27+,28-,31-,32?,33-/m0/s1	N/A	1	positive	UPDATE-SINGLE-ANNOTATED-GOLD	Gold	203	spectra_filtered/specs_ms.mgf	lib-00051.mgf	0.797294	GNPS-NIH-NATURALPRODUCTSLIBRARY_ROUND2_POSITIVE	3669800.0	136.096	1.6576799999999998	16	0.00128174	773.213	773.2139999999999	1	spectra_filtered/specs_ms.mgf203	1		14	143	KVODFZNXODDECO-LSSGXCBUSA-N	KVODFZNXODDECO	N/A	N/A	N/A	Flavonoids	Flavonols	Shikimates and Phenylpropanoids
CCMSLIB00010087029	PC(18:0/9:0(CHO)); [M+H]+ C35H69N1O9P1	LC-ESI	HCD; Velos	Commercial	Thomas Metz	Thomas Metz	M+H	678.471	0.0	1	N/A	N/A	N/A	N/A	N/A	1	Positive	UPDATE-SINGLE-ANNOTATED-GOLD	Gold	739	spectra_filtered/specs_ms.mgf	lib-00017.mgf	0.795221	PNNL-LIPIDS-POSITIVE	1177500.0	574.979	2.06908	6	0.00140381	678.471	678.47	1	spectra_filtered/specs_ms.mgf739	1		7	374	N/A	N/A	N/A	N/A	N/A	N/A	N/A	N/A
CCMSLIB00010091589	PC(18:3/0:0); [M+H]+ C26H49N1O7P1	LC-ESI	HCD; Velos	Commercial	Thomas Metz	Thomas Metz	M+H	518.325	0.0	1	N/A	N/A	N/A	N/A	N/A	1	Positive	UPDATE-SINGLE-ANNOTATED-GOLD	Gold	636	spectra_filtered/specs_ms.mgf	lib-00017.mgf	0.793844	PNNL-LIPIDS-POSITIVE	2177800.0	412.39300000000003	0.23550900000000002	8	0.00012207	518.325	518.325	1	spectra_filtered/specs_ms.mgf636	1		110	8828	N/A	N/A	N/A	N/A	N/A	N/A	N/A	N/A
CCMSLIB00010089305	PC(16:1/22:6); [M+H]+ C46H79N1O8P1	LC-ESI	HCD; Velos	Commercial	Thomas Metz	Thomas Metz	M+H	804.554	0.0	1	N/A	N/A	N/A	N/A	N/A	1	Positive	UPDATE-SINGLE-ANNOTATED-GOLD	Gold	773	spectra_filtered/specs_ms.mgf	lib-00017.mgf	0.7937420000000001	PNNL-LIPIDS-POSITIVE	2138400.0	608.033	20.0276	6	0.016113299999999997	804.554	804.538	1	spectra_filtered/specs_ms.mgf773	1		105	5920	N/A	N/A	N/A	N/A	N/A	N/A	N/A	N/A
CCMSLIB00000853549	NCGC00385079-01_C19H34O7_4-(4-Hydroxy-2,6,6-trimethyl-1-cyclohexen-1-yl)-2-butanyl beta-D-glucopyranoside	LC-ESI	Maxis II HD Q-TOF Bruker	isolated	Jadhav/Dorrestein	lfnothias	M+H	375.238	374.23	1	n/a	n/a	CC(CCC/1=C(C)/CC(O)CC1(C)C)O[C@@H]2O[C@H](CO)[C@@H](O)[C@H](O)[C@H]2O	InChI=1S/C19H34O7/c1-10-7-12(21)8-19(3,4)13(10)6-5-11(2)25-18-17(24)16(23)15(22)14(9-20)26-18/h11-12,14-18,20-24H,5-9H2,1-4H3/t11?,12?,14-,15-,16+,17-,18-/m1/s1	N/A	1	positive	UPDATE-SINGLE-ANNOTATED-GOLD	Gold	408	spectra_filtered/specs_ms.mgf	lib-00051.mgf	0.7922520000000001	GNPS-NIH-NATURALPRODUCTSLIBRARY_ROUND2_POSITIVE	1576900.0	195.657	0.0	27	0.0	375.238	375.23800000000006	1	spectra_filtered/specs_ms.mgf408	1		20	247	QOLJILMTPKQQQA-KWEBYEANSA-N	QOLJILMTPKQQQA	N/A	N/A	N/A	Apocarotenoids	Megastigmanes	Terpenoids
CCMSLIB00000849029	NCGC00384841-01!2-[3-[4-[1,3-dihydroxy-1-(4-hydroxy-3-methoxyphenyl)propan-2-yl]oxy-3-methoxyphenyl]propoxy]-6-(hydroxymethyl)oxane-3,4,5-triol	LC-ESI	Maxis II HD Q-TOF Bruker	isolated	Jadhav/Dorrestein	lfnothias	M+NH4	558.255	540.221	1	n/a	n/a	COC1=C(O)C=CC(=C1)C(O)C(CO)OC2=C(OC)C=C(CCCOC3OC(CO)C(O)C(O)C3O)C=C2	InChI=1S/C26H36O12/c1-34-18-11-15(6-7-16(18)29)22(30)20(12-27)37-17-8-5-14(10-19(17)35-2)4-3-9-36-26-25(33)24(32)23(31)21(13-28)38-26/h5-8,10-11,20-33H,3-4,9,12-13H2,1-2H3	N/A	1	positive	UPDATE-SINGLE-ANNOTATED-GOLD	Gold	282	spectra_filtered/specs_ms.mgf	lib-00051.mgf	0.784656	GNPS-NIH-NATURALPRODUCTSLIBRARY_ROUND2_POSITIVE	13853900.0	160.863	0.327996	87	0.000183105	558.255	558.255	1	spectra_filtered/specs_ms.mgf282	1		9	87	NFUHNVZGHNEYRG-UHFFFAOYSA-N	NFUHNVZGHNEYRG	N/A	N/A	N/A	Lignans	Neolignans	Shikimates and Phenylpropanoids
CCMSLIB00003135887	Spectral Match to Monopalmitolein (9c) from NIST14	ESI	qTof	Isolated	Data from Pieter Dorrestein	Data deposited by lfnothias	M+H-H2O	311.257	328.261	1	37515610	N/A	CCCCCC/C=C\CCCCCCCC(=O)OCC(CO)O	InChI=1S/C19H36O4/c1-2-3-4-5-6-7-8-9-10-11-12-13-14-15-19(22)23-17-18(21)16-20/h7-8,18,20-21H,2-6,9-17H2,1H3/b8-7-	N/A	3	Positive	UPDATE-SINGLE-ANNOTATED-BRONZE	Bronze	672	spectra_filtered/specs_ms.mgf	lib-00018.mgf	0.780497	GNPS-NIST14-MATCHES	435600.0	490.534	0.9804620000000001	20	0.000305176	311.257	311.257	1	spectra_filtered/specs_ms.mgf672	1		94	4177	KVYUBFKSKZWZSV-FPLPWBNLSA-N	KVYUBFKSKZWZSV	N/A	N/A	N/A	Glycerolipids	Monoacylglycerols	Fatty acids
CCMSLIB00010152838	13-Docosenamide, (Z)-	LC-ESI	qTof	Lysate	PDorrestein	 	M+H	675.674	0.0	0	 	 	 	 	 	3	Positive	UPDATE-SINGLE-ANNOTATED-BRONZE	Bronze	828	spectra_filtered/specs_ms.mgf	lib-00045.mgf	0.779071	GNPS-LIBRARY	272100.0	645.342	4.87794	20	0.0032959000000000005	675.674	675.677	1	spectra_filtered/specs_ms.mgf828	1		1	0	N/A	N/A	N/A	N/A	N/A	N/A	N/A	N/A
CCMSLIB00004720090	7-hydroxy-2-(4-hydroxyphenyl)-5-[(2S,3R,4S,5S,6R)-3,4,5-trihydroxy-6-(hydroxymethyl)oxan-2-yl]oxy-2,3-dihydrochromen-4-one	N/A	ESI-QTOF	isolated	MoNA	MoNA:VF-NPL-QTOF002265	[M+H]+	435.129	0.0	1	N/A	N/A	N/A	InChI=1S/C21H22O10/c22-8-16-18(26)19(27)20(28)21(31-16)30-15-6-11(24)5-14-17(15)12(25)7-13(29-14)9-1-3-10(23)4-2-9/h1-6,13,16,18-24,26-28H,7-8H2/t13?,16-,18-,19+,20-,21-/m1/s1	N/A	3	positive	UPDATE-SINGLE-ANNOTATED-BRONZE	Bronze	332	spectra_filtered/specs_ms.mgf	lib-00003.mgf	0.778898	MONA	1321600.0	175.067	0.210404	33	9.15527e-05	435.129	435.129	1	spectra_filtered/specs_ms.mgf332	1		0	0	MFQIWHVVFBCURA-LKBAIHPRSA-N	MFQIWHVVFBCURA	N/A	N/A	N/A	N/A	N/A	N/A
CCMSLIB00000853386	NCGC00385123-01_C22H30O6_7b,9-Dihydroxy-3-(hydroxymethyl)-1,1,6,8-tetramethyl-5-oxo-1,1a,1b,4,4a,5,7a,7b,8,9-decahydro-9aH-cyclopropa[3,4]benzo[1,2-e]azulen-9a-yl acetate	LC-ESI	Maxis II HD Q-TOF Bruker	isolated	Jadhav/Dorrestein	lfnothias	M+ACN+H	432.238	390.204	1	n/a	n/a	CC1C(O)C2(OC(C)=O)C(C3\C=C(CO)/CC4C(\C=C(C)/C4=O)C13O)C2(C)C	InChI=1S/C22H30O6/c1-10-6-15-14(17(10)25)7-13(9-23)8-16-18-20(4,5)22(18,28-12(3)24)19(26)11(2)21(15,16)27/h6,8,11,14-16,18-19,23,26-27H,7,9H2,1-5H3	N/A	1	positive	UPDATE-SINGLE-ANNOTATED-GOLD	Gold	620	spectra_filtered/specs_ms.mgf	lib-00051.mgf	0.7778970000000001	GNPS-NIH-NATURALPRODUCTSLIBRARY_ROUND2_POSITIVE	2547200.0	391.42699999999996	0.917847	14	0.000396729	432.238	432.23800000000006	1	spectra_filtered/specs_ms.mgf620	1		259	31040	WZYGIALDVOKLLL-UHFFFAOYSA-N	WZYGIALDVOKLLL	N/A	N/A	N/A	Diterpenoids	Tetracyclic diterpenoids|Tigliane diterpenoids	Terpenoids
CCMSLIB00003139504	Spectral Match to 1-Hexadecanoyl-sn-glycero-3-phosphocholine from NIST14	ESI	Q-TOF	Isolated	Data from Pieter Dorrestein	Data deposited by daniel	M+Na	518.321	0.0	1	N/A	N/A	N/A	N/A	N/A	3	Positive	UPDATE-SINGLE-ANNOTATED-BRONZE	Bronze	668	spectra_filtered/specs_ms.mgf	lib-00018.mgf	0.7681859999999999	GNPS-NIST14-MATCHES	466800.0	472.18300000000005	1.17756	6	0.000610352	518.321	518.322	1	spectra_filtered/specs_ms.mgf668	1		173	17290	N/A	N/A	N/A	N/A	N/A	N/A	N/A	N/A
CCMSLIB00010116196	"""3,4-Diphenyl-7-hydroxycoumarin CollisionEnergy:205060"""	LC-ESI	Orbitrap	Commercial	Trent Northen	JGI	M-H	313.087	0.0	1	N/A	N/A	O=c1oc2cc(O)ccc2c(-c2ccccc2)c1-c1ccccc1	"""InChI=1S/C21H14O3/c22-16-11-12-17-18(13-16)24-21(23)20(15-9-5-2-6-10-15)19(17)14-7-3-1-4-8-14/h1-13,22H"""	N/A	3	Negative	UPDATE-SINGLE-ANNOTATED-BRONZE	Bronze	360	spectra_filtered/specs_ms.mgf	lib-00011.mgf	0.7672939999999999	BERKELEY-LAB	1912500.0	183.356	55.5597	7	0.017394999999999997	313.087	313.07	1	spectra_filtered/specs_ms.mgf360	1		0	0	AABUKWVVUWBZCS-UHFFFAOYSA-N	AABUKWVVUWBZCS	N/A	N/A	N/A	Flavonoids	Neoflavonoids	Shikimates and Phenylpropanoids
CCMSLIB00000852977	NCGC00380213-01_C19H32O8_2-Butanone, 4-[3-(beta-D-glucopyranosyloxy)-4-hydroxy-2,6,6-trimethyl-1-cyclohexen-1-yl]-	LC-ESI	Maxis II HD Q-TOF Bruker	isolated	Jadhav/Dorrestein	lfnothias	M+H	389.217	388.21	1	n/a	n/a	CC(=O)CCC/1=C(C)/C(O[C@@H]2O[C@H](CO)[C@@H](O)[C@H](O)[C@H]2O)C(O)CC1(C)C	InChI=1S/C19H32O8/c1-9(21)5-6-11-10(2)17(12(22)7-19(11,3)4)27-18-16(25)15(24)14(23)13(8-20)26-18/h12-18,20,22-25H,5-8H2,1-4H3/t12?,13-,14-,15+,16-,17?,18+/m1/s1	N/A	1	positive	UPDATE-SINGLE-ANNOTATED-GOLD	Gold	339	spectra_filtered/specs_ms.mgf	lib-00051.mgf	0.765656	GNPS-NIH-NATURALPRODUCTSLIBRARY_ROUND2_POSITIVE	1248300.0	178.485	0.705669	43	0.000274658	389.217	389.217	1	spectra_filtered/specs_ms.mgf339	1		11	170	JVIDANAJZDBKRL-FJUMDGKUSA-N	JVIDANAJZDBKRL	N/A	N/A	N/A	Apocarotenoids	Megastigmanes	Terpenoids
CCMSLIB00000848475	NCGC00180259-02!2-(hydroxymethyl)-6-[4-[(2S,3S)-3-(hydroxymethyl)-5-[(E)-3-hydroxyprop-1-enyl]-7-methoxy-2,3-dihydro-1-benzofuran-2-yl]-2-methoxyphenoxy]oxane-3,4,5-triol	LC-ESI	Maxis II HD Q-TOF Bruker	isolated	Jadhav/Dorrestein	lfnothias	M-H2O+H	503.19	520.194	1	n/a	n/a	COC1=C2O[C@@H]([C@H](CO)C2=CC(\C=C\CO)=C1)C3=CC(OC)=C(OC4OC(CO)C(O)C(O)C4O)C=C3	InChI=1S/C26H32O11/c1-33-18-10-14(5-6-17(18)35-26-23(32)22(31)21(30)20(12-29)36-26)24-16(11-28)15-8-13(4-3-7-27)9-19(34-2)25(15)37-24/h3-6,8-10,16,20-24,26-32H,7,11-12H2,1-2H3/b4-3+/t16-,20?,21?,22?,23?,24-,26?/m1/s1	N/A	1	positive	UPDATE-SINGLE-ANNOTATED-GOLD	Gold	384	spectra_filtered/specs_ms.mgf	lib-00051.mgf	0.765571	GNPS-NIH-NATURALPRODUCTSLIBRARY_ROUND2_POSITIVE	757100.0	188.669	0.788427	29	0.000396729	503.19	503.19	1	spectra_filtered/specs_ms.mgf384	1		68	1189	SPWHQAUMLDQOFU-LWZOEEAQSA-N	SPWHQAUMLDQOFU	N/A	N/A	N/A	Lignans	Neolignans	Shikimates and Phenylpropanoids
CCMSLIB00004702149	Salidroside	N/A	ESI-QFT	isolated	MoNA	MoNA:VF-NPL-QEHF011086	[M+NH4]+	318.155	0.0	1	N/A	N/A	N/A	InChI=1S/C14H20O7/c15-7-10-11(17)12(18)13(19)14(21-10)20-6-5-8-1-3-9(16)4-2-8/h1-4,10-19H,5-7H2/t10-,11-,12+,13-,14-/m1/s1	N/A	3	positive	UPDATE-SINGLE-ANNOTATED-BRONZE	Bronze	142	spectra_filtered/specs_ms.mgf	lib-00003.mgf	0.760071	MONA	1114800.0	108.038	1.91841	29	0.000610352	318.155	318.154	1	spectra_filtered/specs_ms.mgf142	1		3	203	ILRCGYURZSFMEG-RKQHYHRCSA-N	ILRCGYURZSFMEG	N/A	N/A	N/A	N/A	N/A	N/A
CCMSLIB00005777272	Massbank:MSJ00121 Antheraxanthin	ESI	qTof	Isolated	Massbank	Massbank	M+H	585.43	0.0	1	N/A	N/A	CC1=C(C(C[C@@H](C1)O)(C)C)/C=C/C(=C/C=C/C(=C/C=C/C=C(\C)/C=C/C=C(\C)/C=C/[C@]23[C@](O2)(C[C@H](CC3(C)C)O)C)/C)/C	1S/C40H56O3/c1-29(17-13-19-31(3)21-22-36-33(5)25-34(41)26-37(36,6)7)15-11-12-16-30(2)18-14-20-32(4)23-24-40-38(8,9)27-35(42)28-39(40,10)43-40/h11-24,34-35,41-42H,25-28H2,1-10H3/b12-11+,17-13+,18-14+,22-21+,24-23+,29-15+,30-16+,31-19+,32-20+/t34-,35+,39-,40+/m1/s1	N/A	3	Positive	UPDATE-SINGLE-ANNOTATED-BRONZE	Bronze	779	spectra_filtered/specs_ms.mgf	lib-00050.mgf	0.759	MASSBANK	5576100.0	614.23	0.8340559999999999	89	0.00048828099999999997	585.43	585.43	1	spectra_filtered/specs_ms.mgf779	1		0	0	OFNSUWBAQRCHAV-OYQUVCAXSA-N	OFNSUWBAQRCHAV	N/A	N/A	N/A	Carotenoids (C40)	Carotenoids (C40, β-β)	Terpenoids
CCMSLIB00006358050	Malic acid	ESI	Orbitrap	Commercial standard	BMDMS-NP	BMDMS-NP	[M+H]+	135.03	134.022	1	N/A	N/A	O=C(O)CC(O)C(=O)O	InChI=1S/C4H6O5/c5-2(4(8)9)1-3(6)7/h2,5H,1H2,(H,6,7)(H,8,9)	N/A	1	Positive	UPDATE-SINGLE-ANNOTATED-GOLD	Gold	173	spectra_filtered/specs_ms.mgf	lib-00042.mgf	0.756768	BMDMS-NP	199500.0	122.693	105.884	6	0.0142975	135.03	135.04399999999998	1	spectra_filtered/specs_ms.mgf173	1		0	0	BJEPYKJPYRNKOW-UHFFFAOYSA-N	BJEPYKJPYRNKOW	N/A	N/A	N/A	Fatty Acids and Conjugates	Dicarboxylic acids|Hydroxy fatty acids	Fatty acids
CCMSLIB00003139689	Spectral Match to 1-Palmitoyl-2-hydroxy-sn-glycero-3-phosphoethanolamine from NIST14	ESI	HCD	Isolated	Data from Pieter Dorrestein	Data deposited by lfnothias	M+H	454.293	0.0	1	53862354	N/A	N/A	N/A	N/A	3	Positive	UPDATE-SINGLE-ANNOTATED-BRONZE	Bronze	665	spectra_filtered/specs_ms.mgf	lib-00018.mgf	0.7539710000000001	GNPS-NIST14-MATCHES	624300.0	470.033	0.20152799999999998	16	9.15527e-05	454.293	454.293	1	spectra_filtered/specs_ms.mgf665	1		145	10478	N/A	N/A	N/A	N/A	N/A	N/A	N/A	N/A
CCMSLIB00000854299	NCGC00169796-02_C20H30O10_2-Phenylethyl 6-O-(6-deoxy-alpha-L-mannopyranosyl)-beta-D-glucopyranoside	LC-ESI	Maxis II HD Q-TOF Bruker	isolated	Jadhav/Dorrestein	lfnothias	M+NH4	448.218	430.184	1	n/a	n/a	C[C@@H]1O[C@@H](OC[C@H]2O[C@@H](OCCC3=CC=CC=C3)[C@H](O)[C@@H](O)[C@@H]2O)[C@H](O)[C@H](O)[C@H]1O	InChI=1S/C20H30O10/c1-10-13(21)15(23)17(25)20(29-10)28-9-12-14(22)16(24)18(26)19(30-12)27-8-7-11-5-3-2-4-6-11/h2-6,10,12-26H,7-9H2,1H3/t10-,12+,13-,14+,15+,16-,17+,18+,19+,20+/m0/s1	N/A	1	positive	UPDATE-SINGLE-ANNOTATED-GOLD	Gold	367	spectra_filtered/specs_ms.mgf	lib-00051.mgf	0.748911	GNPS-NIH-NATURALPRODUCTSLIBRARY_ROUND2_POSITIVE	825900.0	184.667	1.29364	21	0.000579834	448.218	448.217	1	spectra_filtered/specs_ms.mgf367	1		9	34	OKUGUNDXBGUFPA-OCGSKHJZSA-N	OKUGUNDXBGUFPA	N/A	N/A	N/A	Phenylethanoids (C6-C2)	Phenylethanoids	Shikimates and Phenylpropanoids
CCMSLIB00006678249	MGDG (18:4/18:4)/MGDG (16:3/20:5)	LC-ESI	Orbitrap	Other	S Ding	Su Ding	M+NH4	788.528	0.0	1	N/A	N/A	N/A	N/A	N/A	3	Positive	UPDATE-SINGLE-ANNOTATED-BRONZE	Bronze	822	spectra_filtered/specs_ms.mgf	lib-00045.mgf	0.7476010000000001	GNPS-LIBRARY	856600.0	643.707	5.80529	51	0.00457764	788.528	788.533	1	spectra_filtered/specs_ms.mgf822	1		0	0	N/A	N/A	N/A	N/A	N/A	N/A	N/A	N/A
CCMSLIB00000852864	NCGC00380867-01_C27H46O9_9,12,15-Octadecatrienoic acid, 3-(hexopyranosyloxy)-2-hydroxypropyl ester, (9Z,12Z,15Z)-	LC-ESI	Maxis II HD Q-TOF Bruker	isolated	Jadhav/Dorrestein	lfnothias	M+NH4	532.348	514.314	1	n/a	n/a	CC\C=C/C/C=C\C\C=C/CCCCCCCC(=O)OCC(O)COC1OC(CO)C(O)C(O)C1O	InChI=1S/C27H46O9/c1-2-3-4-5-6-7-8-9-10-11-12-13-14-15-16-17-23(30)34-19-21(29)20-35-27-26(33)25(32)24(31)22(18-28)36-27/h3-4,6-7,9-10,21-22,24-29,31-33H,2,5,8,11-20H2,1H3/b4-3-,7-6-,10-9-	N/A	1	positive	UPDATE-SINGLE-ANNOTATED-GOLD	Gold	654	spectra_filtered/specs_ms.mgf	lib-00051.mgf	0.7474729999999999	GNPS-NIH-NATURALPRODUCTSLIBRARY_ROUND2_POSITIVE	12550000.0	451.43300000000005	1.03187	57	0.000549316	532.348	532.349	1	spectra_filtered/specs_ms.mgf654	1		53	1945	HUSISCNTLUEZCN-PDBXOOCHSA-N	HUSISCNTLUEZCN	N/A	N/A	N/A	Glycerolipids	Glycosylmonoacylglycerols	Fatty acids
CCMSLIB00010112940	VITAMIN K1 CollisionEnergy:102040	LC-ESI	Orbitrap	Commercial	Trent Northen	JGI	M+2H]	226.182	0.0	1	N/A	N/A	CC(=CCC1=C(C)C(=O)c2ccccc2C1=O)CCCC(C)CCCC(C)CCCC(C)C	"""InChI=1S/C31H46O2/c1-22(2)12-9-13-23(3)14-10-15-24(4)16-11-17-25(5)20-21-27-26(6)30(32)28-18-7-8-19-29(28)31(27)33/h7-8,18-20,22-24H,9-17,21H2,1-6H3/b25-20+"""	N/A	3	Positive	UPDATE-SINGLE-ANNOTATED-BRONZE	Bronze	590	spectra_filtered/specs_ms.mgf	lib-00011.mgf	0.746703	BERKELEY-LAB	677700.0	291.418	7.96057	33	0.00180054	226.182	226.18	1	spectra_filtered/specs_ms.mgf590	1		0	0	MBWXNTAXLNYFJB-UHFFFAOYSA-N	MBWXNTAXLNYFJB	N/A	N/A	N/A	Meroterpenoids	Prenyl quinone meroterpenoids	Terpenoids
CCMSLIB00003142434	4-(3-hydroxybutyl)-3,5,5-trimethylcyclohex-3-en-1-ol	LC-ESI	qTof	Crude	TieJun Ling	TieJun Ling	M+H	213.185	212.178	1	 	 	CC1=C(CCC(O)C)C(C)(C)CC(O)C1	 	 	3	Positive	UPDATE-SINGLE-ANNOTATED-BRONZE	Bronze	407	spectra_filtered/specs_ms.mgf	lib-00045.mgf	0.745373	GNPS-LIBRARY	1684700.0	195.657	0.9304790000000001	17	0.00019836400000000003	213.185	213.185	1	spectra_filtered/specs_ms.mgf407	1		4	106	HFQNROGZQRGTGP-UHFFFAOYSA-N	HFQNROGZQRGTGP	N/A	N/A	N/A	Apocarotenoids	Apocarotenoids (β-)	Terpenoids
CCMSLIB00004719359	Perseitol Heptaacetate	N/A	ESI-QFT	isolated	MoNA	MoNA:VF-NPL-QEHF026656	[M+NH4]+	524.197	0.0	1	N/A	N/A	N/A	InChI=1S/C21H30O14/c1-10(22)29-8-17(31-12(3)24)19(33-14(5)26)21(35-16(7)28)20(34-15(6)27)18(32-13(4)25)9-30-11(2)23/h17-21H,8-9H2,1-7H3	N/A	3	positive	UPDATE-SINGLE-ANNOTATED-BRONZE	Bronze	154	spectra_filtered/specs_ms.mgf	lib-00003.mgf	0.743386	MONA	1149500.0	116.166	2.09584	14	0.00109863	524.197	524.198	1	spectra_filtered/specs_ms.mgf154	1		0	0	UZIIHSGPIUZAET-UHFFFAOYSA-N	UZIIHSGPIUZAET	N/A	N/A	N/A	N/A	N/A	N/A
CCMSLIB00005464001	PIPECOLATE	ESI	Orbitrap	Commercial	Dorrestein	Kelly Weldon	M+H	130.086	129.079	1	535-75-1	N/A	OC(=O)C1CCCCN1	"""InChI=1S/C6H11NO2/c8-6(9)5-3-1-2-4-7-5/h5,7H,1-4H2,(H,8,9)"""	N/A	1	Positive	UPDATE-SINGLE-ANNOTATED-GOLD	Gold	62	spectra_filtered/specs_ms.mgf	lib-00032.mgf	0.743056	GNPS-MSMLS	515000.0	43.415	3.0497400000000003	6	0.000396729	130.086	130.086	1	spectra_filtered/specs_ms.mgf62	1		0	0	HXEACLLIILLPRG-UHFFFAOYSA-N	HXEACLLIILLPRG	N/A	N/A	N/A	Small peptides	Aminoacids|Dipeptides	Amino acids and Peptides
CCMSLIB00004751473	Canarione dimethylether	LC-ESI	qTof	Isolated	Joel BOUSTIE Pierre LE POGAM	Damien OLIVIER	M+H	301.07	300.063	1	N/A	N/A	CC1=CC(C2=C(C=C3C(C(OC)=CC(C3=O)=O)=C2OC)O1)=O	N/A	N/A	3	Positive	UPDATE-SINGLE-ANNOTATED-BRONZE	Bronze	449	spectra_filtered/specs_ms.mgf	lib-00007.mgf	0.741119	LDB_POSITIVE	636500.0	210.05700000000002	3.345	6	0.00100708	301.07	301.069	1	spectra_filtered/specs_ms.mgf449	1		0	0	GESAVORGYOGKOW-UHFFFAOYSA-N	GESAVORGYOGKOW	N/A	N/A	N/A	Chromanes	Chromones	Polyketides
CCMSLIB00003134993	Spectral Match to Phytosphingosine from NIST14	ESI	qTof	Isolated	Data from Wolfender/Litaudon	Data deposited by pmallard	M+H	318.3	317.293	1	554621	N/A	CCCCCCCCCCCCCC[C@H]([C@H]([C@H](CO)N)O)O	InChI=1S/C18H39NO3/c1-2-3-4-5-6-7-8-9-10-11-12-13-14-17(21)18(22)16(19)15-20/h16-18,20-22H,2-15,19H2,1H3/t16-,17+,18-/m0/s1	N/A	3	Positive	UPDATE-SINGLE-ANNOTATED-BRONZE	Bronze	631	spectra_filtered/specs_ms.mgf	lib-00018.mgf	0.740164	GNPS-NIST14-MATCHES	1169300.0	401.724	0.9587680000000001	23	0.000305176	318.3	318.3	1	spectra_filtered/specs_ms.mgf631	1		61	2964	AERBNCYCJBRYDG-KSZLIROESA-N	AERBNCYCJBRYDG	N/A	N/A	N/A	Sphingolipids	Sphingoid bases	Fatty acids
CCMSLIB00003135895	Spectral Match to Tyr-Leu from NIST14	ESI	Q-TOF	Isolated	Data from Chris Turck	Data deposited by fevargas	M+H	295.165	0.0	1	N/A	N/A	N/A	N/A	N/A	3	Positive	UPDATE-SINGLE-ANNOTATED-BRONZE	Bronze	226	spectra_filtered/specs_ms.mgf	lib-00018.mgf	0.739959	GNPS-NIST14-MATCHES	433200.0	144.515	1.0339200000000002	10	0.000305176	295.165	295.165	1	spectra_filtered/specs_ms.mgf226	1		37	2030	N/A	N/A	N/A	N/A	N/A	N/A	N/A	N/A
CCMSLIB00010069672	TG(18:2/18:3/18:3); [M+NH4]+ C57H98N1O6	LC-ESI	HCD; Velos	Commercial	Thomas Metz	Thomas Metz	M+NH4	892.739	0.0	1	N/A	N/A	N/A	N/A	N/A	1	Positive	UPDATE-SINGLE-ANNOTATED-GOLD	Gold	913	spectra_filtered/specs_ms.mgf	lib-00017.mgf	0.738193	PNNL-LIPIDS-POSITIVE	11254600.0	695.191	0.41021	46	0.00036621099999999997	892.739	892.74	1	spectra_filtered/specs_ms.mgf913	1		9	101	N/A	N/A	N/A	N/A	N/A	N/A	N/A	N/A
CCMSLIB00003137123	Spectral Match to Val-Phe from NIST14	ESI	qTof	Isolated	Data from Chris Turck	Data deposited by fevargas	M+H	265.155	264.147	1	N/A	N/A	CC(C)[C@@H](C(=O)N[C@@H](CC1=CC=CC=C1)C(=O)O)N	InChI=1S/C14H20N2O3/c1-9(2)12(15)13(17)16-11(14(18)19)8-10-6-4-3-5-7-10/h3-7,9,11-12H,8,15H2,1-2H3,(H,16,17)(H,18,19)/t11-,12-/m0/s1	N/A	3	Positive	UPDATE-SINGLE-ANNOTATED-BRONZE	Bronze	206	spectra_filtered/specs_ms.mgf	lib-00018.mgf	0.7380180000000001	GNPS-NIST14-MATCHES	553100.0	138.577	0.805654	6	0.000213623	265.155	265.155	1	spectra_filtered/specs_ms.mgf206	1		25	1863	GJNDXQBALKCYSZ-RYUDHWBXSA-N	GJNDXQBALKCYSZ	N/A	N/A	N/A	Small peptides	Dipeptides	Amino acids and Peptides
CCMSLIB00010072088	DG(18:3/18:3/0:0); [M+NH4]+ C39H68N1O5	LC-ESI	HCD; Velos	Commercial	Thomas Metz	Thomas Metz	M+NH4	630.51	0.0	1	N/A	N/A	N/A	N/A	N/A	1	Positive	UPDATE-SINGLE-ANNOTATED-GOLD	Gold	944	spectra_filtered/specs_ms.mgf	lib-00017.mgf	0.7379399999999999	PNNL-LIPIDS-POSITIVE	550500.0	709.9119999999999	0.29040900000000003	28	0.000183105	630.51	630.51	1	spectra_filtered/specs_ms.mgf944	1		43	3569	N/A	N/A	N/A	N/A	N/A	N/A	N/A	N/A
CCMSLIB00004698063	(2S,3R,4R,5R,6S)-2-[(2R,3R,4S,5R,6R)-2-[2-(3,4-dihydroxyphenyl)ethoxy]-3,5-dihydroxy-6-(hydroxymethyl)oxan-4-yl]oxy-6-methyloxane-3,4,5-triol	N/A	ESI-QFT	isolated	MoNA	MoNA:VF-NPL-QEHF007000	[M+NH4]+	480.208	0.0	1	N/A	N/A	N/A	InChI=1S/C20H30O12/c1-8-13(24)15(26)16(27)20(30-8)32-18-14(25)12(7-21)31-19(17(18)28)29-5-4-9-2-3-10(22)11(23)6-9/h2-3,6,8,12-28H,4-5,7H2,1H3/t8-,12+,13-,14+,15+,16+,17+,18-,19+,20-/m0/s1	N/A	3	positive	UPDATE-SINGLE-ANNOTATED-BRONZE	Bronze	157	spectra_filtered/specs_ms.mgf	lib-00003.mgf	0.737074	MONA	852900.0	117.527	0.0	31	0.0	480.208	480.208	1	spectra_filtered/specs_ms.mgf157	1		0	0	DORPKYRPJIIARM-GYAWPQPFSA-N	DORPKYRPJIIARM	N/A	N/A	N/A	N/A	N/A	N/A
CCMSLIB00004698828	(Z)-3-[4-methoxy-2-[(2S,3R,4S,5S,6R)-3,4,5-trihydroxy-6-(hydroxymethyl)oxan-2-yl]oxyphenyl]prop-2-enoic acid	N/A	ESI-QFT	isolated	MoNA	MoNA:VF-NPL-QEHF007765	[M+NH4]+	374.145	0.0	1	N/A	N/A	N/A	InChI=1S/C16H20O9/c1-23-9-4-2-8(3-5-12(18)19)10(6-9)24-16-15(22)14(21)13(20)11(7-17)25-16/h2-6,11,13-17,20-22H,7H2,1H3,(H,18,19)/b5-3-/t11-,13-,14+,15-,16-/m1/s1	N/A	3	positive	UPDATE-SINGLE-ANNOTATED-BRONZE	Bronze	248	spectra_filtered/specs_ms.mgf	lib-00003.mgf	0.7317670000000001	MONA	1462100.0	152.321	0.570963	17	0.000213623	374.145	374.145	1	spectra_filtered/specs_ms.mgf248	1		0	0	FQWZGEBZILOCET-QEQKPWIDSA-N	FQWZGEBZILOCET	N/A	N/A	N/A	N/A	N/A	N/A
CCMSLIB00003140172	Spectral Match to Monolinolenin (9c,12c,15c) from NIST14	ESI	HCD	Isolated	Data from Wolfender/Litaudon	Data deposited by pmallard	M+H-H2O	335.258	0.0	1	18465991	N/A	N/A	N/A	N/A	3	Positive	UPDATE-SINGLE-ANNOTATED-BRONZE	Bronze	883	spectra_filtered/specs_ms.mgf	lib-00018.mgf	0.724676	GNPS-NIST14-MATCHES	1980900.0	675.079	1.82054	28	0.000610352	335.258	335.25699999999995	1	spectra_filtered/specs_ms.mgf883	1		101	3591	N/A	N/A	N/A	N/A	N/A	N/A	N/A	N/A
CCMSLIB00003139019	Spectral Match to 9-OxoOTrE from NIST14	ESI	Ion Trap	Isolated	Data from Wolfender/Litaudon	Data deposited by pmallard	M+H-H2O	275.201	292.204	1	125559742	N/A	CC/C=C\C/C=C\C=C\C(=O)CCCCCCCC(=O)O	InChI=1S/C18H28O3/c1-2-3-4-5-6-8-11-14-17(19)15-12-9-7-10-13-16-18(20)21/h3-4,6,8,11,14H,2,5,7,9-10,12-13,15-16H2,1H3,(H,20,21)/b4-3-,8-6-,14-11+	N/A	3	Positive	UPDATE-SINGLE-ANNOTATED-BRONZE	Bronze	615	spectra_filtered/specs_ms.mgf	lib-00018.mgf	0.724325	GNPS-NIST14-MATCHES	383300.0	359.975	1.4416	40	0.000396729	275.201	275.20099999999996	1	spectra_filtered/specs_ms.mgf615	1		44	2846	ACHDMUPTZYZIGR-CUHSZNQNSA-N	ACHDMUPTZYZIGR	N/A	N/A	N/A	Octadecanoids	Other Octadecanoids	Fatty acids
CCMSLIB00005740573	Massbank:PR310958 Flavone base + 4O, O-MalonylHex	ESI	qTof	Isolated	Massbank	Massbank	M+H	535.109	0.0	1	N/A	N/A	O=C(O)CC(=O)OCC4OC(OC=1C=C(O)C=2C(=O)C=C(OC=2(C=1))C=3C=CC(O)=C(O)C=3)C(O)C(O)C4(O)	1S/C24H22O14/c25-11-2-1-9(3-12(11)26)15-6-14(28)20-13(27)4-10(5-16(20)37-15)36-24-23(34)22(33)21(32)17(38-24)8-35-19(31)7-18(29)30/h1-6,17,21-27,32-34H,7-8H2,(H,29,30)	N/A	3	Positive	UPDATE-SINGLE-ANNOTATED-BRONZE	Bronze	452	spectra_filtered/specs_ms.mgf	lib-00050.mgf	0.719762	MASSBANK	1847900.0	210.551	2.62341	18	0.00140381	535.109	535.1080000000001	1	spectra_filtered/specs_ms.mgf452	1		0	0	RNDGJCZQVKFBPI-UHFFFAOYSA-N	RNDGJCZQVKFBPI	N/A	N/A	N/A	Flavonoids	Flavones	Shikimates and Phenylpropanoids
CCMSLIB00003137120	Spectral Match to Linoleoyl ethanolamide from NIST14	ESI	qTof	Isolated	Data from Joshua Wollam	Data deposited by fevargas	M+H	324.289	323.282	1	68171528	N/A	CCCCC/C=C\C/C=C\CCCCCCCC(=O)NCCO	InChI=1S/C20H37NO2/c1-2-3-4-5-6-7-8-9-10-11-12-13-14-15-16-17-20(23)21-18-19-22/h6-7,9-10,22H,2-5,8,11-19H2,1H3,(H,21,23)/b7-6-,10-9-	N/A	3	Positive	UPDATE-SINGLE-ANNOTATED-BRONZE	Bronze	682	spectra_filtered/specs_ms.mgf	lib-00018.mgf	0.716669	GNPS-NIST14-MATCHES	383100.0	507.991	3.1055	13	0.00100708	324.289	324.29	1	spectra_filtered/specs_ms.mgf682	1		18	2149	KQXDGUVSAAQARU-HZJYTTRNSA-N	KQXDGUVSAAQARU	N/A	N/A	N/A	Fatty amides	N-acyl ethanolamines (endocannabinoids)	Fatty acids
CCMSLIB00000845585	NCGC00380283-01!4-[5-[[4-[5-[acetyl(hydroxy)amino]pentylamino]-4-oxobutanoyl]-hydroxyamino]pentylamino]-4-oxobutanoic acid	LC-ESI	Maxis II HD Q-TOF Bruker	isolated	Jadhav/Dorrestein	lfnothias	M+NH4	478.287	460.253	1	n/a	n/a	CC(=O)N(O)CCCCCNC(=O)CCC(=O)N(O)CCCCCNC(=O)CCC(O)=O	InChI=1S/C20H36N4O8/c1-16(25)23(31)14-6-2-4-12-21-17(26)8-10-19(28)24(32)15-7-3-5-13-22-18(27)9-11-20(29)30/h31-32H,2-15H2,1H3,(H,21,26)(H,22,27)(H,29,30)	N/A	1	positive	UPDATE-SINGLE-ANNOTATED-GOLD	Gold	650	spectra_filtered/specs_ms.mgf	lib-00051.mgf	0.716529	GNPS-NIH-NATURALPRODUCTSLIBRARY_ROUND2_POSITIVE	515200.0	443.38199999999995	11.9317	22	0.00570679	478.287	478.293	1	spectra_filtered/specs_ms.mgf650	1		156	13006	VJQANBSDAGCDJE-UHFFFAOYSA-N	VJQANBSDAGCDJE	N/A	N/A	N/A	Fatty amides	N-acyl amines	Fatty acids
CCMSLIB00004698486	(2R,3S,4S,5R,6R)-2-[[(2R,3R,4R,5S)-3,4-dihydroxy-5-(hydroxymethyl)oxolan-2-yl]oxymethyl]-6-[(2E)-3,7-dimethylocta-2,6-dienoxy]oxane-3,4,5-triol	N/A	ESI-QFT	isolated	MoNA	MoNA:VF-NPL-QEHF007423	[M+Na]+	471.22	0.0	1	N/A	N/A	N/A	InChI=1S/C21H36O10/c1-11(2)5-4-6-12(3)7-8-28-20-19(27)17(25)16(24)14(31-20)10-29-21-18(26)15(23)13(9-22)30-21/h5,7,13-27H,4,6,8-10H2,1-3H3/b12-7+/t13-,14+,15-,16+,17-,18+,19+,20+,21+/m0/s1	N/A	3	positive	UPDATE-SINGLE-ANNOTATED-BRONZE	Bronze	550	spectra_filtered/specs_ms.mgf	lib-00003.mgf	0.715963	MONA	787600.0	256.318	0.19428900000000002	6	9.15527e-05	471.22	471.22	1	spectra_filtered/specs_ms.mgf550	1		0	0	AWDKYYYAAQQLEF-XRSPUIAPSA-N	AWDKYYYAAQQLEF	N/A	N/A	N/A	N/A	N/A	N/A
CCMSLIB00000852570	NCGC00385271-01_C26H34O12_beta-D-Glucopyranoside, 2-methoxy-4-[(2R,3R,4S)-tetrahydro-4-hydroxy-4-[(4-hydroxy-3-methoxyphenyl)methyl]-3-(hydroxymethyl)-2-furanyl]phenyl	LC-ESI	Maxis II HD Q-TOF Bruker	isolated	Jadhav/Dorrestein	lfnothias	M+Na	561.194	538.205	1	n/a	n/a	COC1=C(O)C=CC(=C1)C[C@@]2(O)CO[C@H]([C@H]2CO)C3=CC=C(O[C@@H]4O[C@H](CO)[C@@H](O)[C@H](O)[C@H]4O)C(=C3)OC	InChI=1S/C26H34O12/c1-34-18-7-13(3-5-16(18)29)9-26(33)12-36-24(15(26)10-27)14-4-6-17(19(8-14)35-2)37-25-23(32)22(31)21(30)20(11-28)38-25/h3-8,15,20-25,27-33H,9-12H2,1-2H3/t15-,20-,21-,22+,23-,24+,25-,26-/m1/s1	N/A	1	positive	UPDATE-SINGLE-ANNOTATED-GOLD	Gold	259	spectra_filtered/specs_ms.mgf	lib-00051.mgf	0.7127899999999999	GNPS-NIH-NATURALPRODUCTSLIBRARY_ROUND2_POSITIVE	582400.0	155.42	2.3927099999999997	6	0.00134277	561.194	561.195	1	spectra_filtered/specs_ms.mgf259	1		0	0	OXHVZEZYYQQCRJ-CKVJHJBGSA-N	OXHVZEZYYQQCRJ	N/A	N/A	N/A	Lignans	Furanoid lignans	Shikimates and Phenylpropanoids
CCMSLIB00004715484	2-[4-[4-[hydroxy-(4-hydroxy-3-methoxyphenyl)methyl]-3-(hydroxymethyl)oxolan-2-yl]-2-methoxyphenoxy]-6-(hydroxymethyl)oxane-3,4,5-triol	N/A	ESI-QFT	isolated	MoNA	MoNA:VF-NPL-QEHF024421	[M+NH4]+	556.239	0.0	1	N/A	N/A	N/A	InChI=1S/C26H34O12/c1-34-18-7-12(3-5-16(18)29)21(30)15-11-36-25(14(15)9-27)13-4-6-17(19(8-13)35-2)37-26-24(33)23(32)22(31)20(10-28)38-26/h3-8,14-15,20-33H,9-11H2,1-2H3	N/A	3	positive	UPDATE-SINGLE-ANNOTATED-BRONZE	Bronze	207	spectra_filtered/specs_ms.mgf	lib-00003.mgf	0.710504	MONA	681200.0	139.058	0.329185	27	0.000183105	556.239	556.239	1	spectra_filtered/specs_ms.mgf207	1		0	0	AWTYKUNFPBFFHC-UHFFFAOYSA-N	AWTYKUNFPBFFHC	N/A	N/A	N/A	N/A	N/A	N/A
CCMSLIB00005738023	Massbank:RP001301 L-Glutamine|(2S)-5-amino-2-azaniumyl-5-oxopentanoate	ESI	qTof	Isolated	Massbank	Massbank	M+H	147.076	0.0	1	56-85-9	N/A	C(CC(=N)O)[C@@H](C(=O)O)N	1S/C5H10N2O3/c6-3(5(9)10)1-2-4(7)8/h3H,1-2,6H2,(H2,7,8)(H,9,10)/t3-/m0/s1	N/A	3	Positive	UPDATE-SINGLE-ANNOTATED-BRONZE	Bronze	44	spectra_filtered/specs_ms.mgf	lib-00050.mgf	0.7087180000000001	MASSBANK	3861100.0	37.95	2.6974400000000003	7	0.000396729	147.076	147.076	1	spectra_filtered/specs_ms.mgf44	1		0	0	ZDXPYRJPNDTMRX-VKHMYHEASA-N	ZDXPYRJPNDTMRX	N/A	N/A	N/A	Small peptides	Aminoacids	Amino acids and Peptides
CCMSLIB00004694820	bungeiside C	N/A	ESI-QFT	isolated	MoNA	MoNA:VF-NPL-QEHF003757	[M+NH4]+	448.181	0.0	1	N/A	N/A	N/A	InChI=1S/C19H26O11/c1-8(20)9-2-4-10(5-3-9)29-19-17(26)15(24)14(23)12(30-19)7-28-18-16(25)13(22)11(21)6-27-18/h2-5,11-19,21-26H,6-7H2,1H3/t11-,12-,13+,14-,15+,16-,17-,18+,19-/m1/s1	N/A	3	positive	UPDATE-SINGLE-ANNOTATED-BRONZE	Bronze	65	spectra_filtered/specs_ms.mgf	lib-00003.mgf	0.705004	MONA	56070700.0	48.083999999999996	1.36184	11	0.000610352	448.181	448.18199999999996	1	spectra_filtered/specs_ms.mgf65	1		0	0	YQOKGDRMWQLQNR-BMVMOQKNSA-N	YQOKGDRMWQLQNR	N/A	N/A	N/A	N/A	N/A	N/A
CCMSLIB00005464263	PYRIDOXINE	ESI	Orbitrap	Commercial	Dorrestein	Kelly Weldon	M-H2O+H	152.07	169.074	1	65-23-6	N/A	CC1=NC=C(CO)C(CO)=C1O	"""InChI=1S/C8H11NO3/c1-5-8(12)7(4-11)6(3-10)2-9-5/h2,10-12H,3-4H2,1H3"""	N/A	1	Positive	UPDATE-SINGLE-ANNOTATED-GOLD	Gold	67	spectra_filtered/specs_ms.mgf	lib-00032.mgf	0.70485	GNPS-MSMLS	4176900.0	48.292	4.5153300000000005	14	0.0006866460000000001	152.07	152.071	1	spectra_filtered/specs_ms.mgf67	1		0	0	LXNHXLLTXMVWPM-UHFFFAOYSA-N	LXNHXLLTXMVWPM	N/A	N/A	N/A	Nicotinic acid alkaloids	Pyridine alkaloids	Alkaloids
